index,k__Bacteria;p__Proteobacteria;c__Betaproteobacteria,k__Bacteria;p__Firmicutes;c__Bacilli,k__Bacteria;p__Proteobacteria;c__Alphaproteobacteria,k__Bacteria;p__Proteobacteria;c__Deltaproteobacteria,k__Bacteria;p__Actinobacteria;c__MB-A2-108,k__Bacteria;p__Actinobacteria;c__Actinobacteria,k__Bacteria;p__Acidobacteria;c__Acidobacteria-6,k__Bacteria;p__Actinobacteria;c__Thermoleophilia,k__Bacteria;p__Proteobacteria;c__Gammaproteobacteria,k__Bacteria;p__Actinobacteria;c__Acidimicrobiia,k__Bacteria;p__Acidobacteria;c__iii1-8,k__Bacteria;p__Chloroflexi;c__Ellin6529,k__Bacteria;p__Bacteroidetes;c__Cytophagia,k__Bacteria;p__Verrucomicrobia;c__[Spartobacteria],k__Bacteria;p__Actinobacteria;__,k__Bacteria;p__Acidobacteria;c__PAUC37f,k__Bacteria;p__Chloroflexi;c__Thermomicrobia,k__Bacteria;p__Proteobacteria;c__Zetaproteobacteria,k__Bacteria;p__;c__,k__Bacteria;__;__,k__Bacteria;p__Gemmatimonadetes;c__Gemm-1,k__Bacteria;p__Nitrospirae;c__Nitrospira,k__Bacteria;p__Chloroflexi;c__Ktedonobacteria,k__Bacteria;p__Planctomycetes;c__Planctomycetia,k__Bacteria;p__Chloroflexi;c__Gitt-GS-136,k__Bacteria;p__Actinobacteria;c__Rubrobacteria,k__Bacteria;p__Gemmatimonadetes;c__Gemmatimonadetes,k__Bacteria;p__Acidobacteria;c__Sva0725,k__Bacteria;p__Acidobacteria;c__Acidobacteria-5,k__Bacteria;p__Acidobacteria;c__Solibacteres,k__Bacteria;p__Firmicutes;c__Clostridia,k__Bacteria;p__Bacteroidetes;c__Flavobacteriia,k__Bacteria;p__Chloroflexi;c__TK10,k__Bacteria;p__Acidobacteria;c__[Chloracidobacteria],k__Bacteria;p__Bacteroidetes;c__[Saprospirae],k__Bacteria;p__Acidobacteria;c__BPC102,k__Bacteria;p__Acidobacteria;c__S035,k__Bacteria;p__Acidobacteria;c__DA052,k__Bacteria;p__Planctomycetes;c__028H05-P-BN-P5,k__Bacteria;p__Acidobacteria;c__RB25,k__Bacteria;p__Planctomycetes;c__,k__Archaea;p__Crenarchaeota;c__Thaumarchaeota,k__Bacteria;p__Gemmatimonadetes;c__Gemm-5,k__Bacteria;p__Acidobacteria;c__Acidobacteriia,k__Bacteria;p__Bacteroidetes;c__Sphingobacteriia,k__Bacteria;p__Chloroflexi;c__S085,k__Bacteria;p__WS3;c__PRR-12,k__Bacteria;p__Armatimonadetes;c__0319-6E2,k__Bacteria;p__Verrucomicrobia;c__[Pedosphaerae],k__Bacteria;p__Chloroflexi;c__Anaerolineae,k__Bacteria;p__Fibrobacteres;c__Fibrobacteria,k__Bacteria;p__Verrucomicrobia;c__Opitutae,k__Bacteria;p__Chloroflexi;c__Chloroflexi,k__Bacteria;p__Planctomycetes;c__Phycisphaerae,k__Bacteria;p__Planctomycetes;c__OM190,k__Bacteria;p__Proteobacteria;__,k__Bacteria;p__Chloroflexi;c__C0119,k__Bacteria;p__Verrucomicrobia;c__Verrucomicrobiae,k__Bacteria;p__Gemmatimonadetes;c__Gemm-2,k__Bacteria;p__Elusimicrobia;c__Elusimicrobia,k__Bacteria;p__Bacteroidetes;c__Bacteroidia,k__Bacteria;p__Chloroflexi;c__TK17,k__Bacteria;p__Gemmatimonadetes;c__,k__Bacteria;p__Planctomycetes;c__C6,k__Bacteria;p__Acidobacteria;c__,k__Bacteria;p__Chloroflexi;c__,k__Bacteria;p__Planctomycetes;c__vadinHA49,k__Bacteria;p__Gemmatimonadetes;c__Gemm-3,k__Bacteria;p__Planctomycetes;c__Pla4,k__Bacteria;p__Planctomycetes;c__Pla3,k__Bacteria;p__Bacteroidetes;__,k__Bacteria;p__Cyanobacteria;c__Chloroplast,k__Bacteria;p__NC10;c__wb1-A12,k__Bacteria;p__Acidobacteria;__,k__Bacteria;p__Chlorobi;c__SJA-28,k__Bacteria;p__Armatimonadetes;c__Armatimonadia,k__Bacteria;p__Acidobacteria;c__Holophagae,k__Bacteria;p__Cyanobacteria;c__Nostocophycideae,k__Bacteria;p__TM7;c__SC3,k__Bacteria;p__Acidobacteria;c__EC1113,k__Bacteria;p__Proteobacteria;c__TA18,k__Bacteria;p__Chloroflexi;c__P2-11E,k__Bacteria;p__Acidobacteria;c__TM1,k__Bacteria;p__Armatimonadetes;c__,k__Bacteria;p__WPS-2;c__,k__Bacteria;p__Actinobacteria;c__OPB41,k__Bacteria;p__Firmicutes;__,k__Bacteria;p__OD1;c__,k__Bacteria;p__BRC1;c__PRR-11,k__Bacteria;p__Chlorobi;c__BSV26,k__Bacteria;p__Armatimonadetes;c__[Fimbriimonadia],k__Bacteria;p__Chloroflexi;c__SHA-26,k__Bacteria;p__Armatimonadetes;c__Chthonomonadetes,k__Bacteria;p__Verrucomicrobia;__,k__Bacteria;p__NC10;c__12-24,k__Bacteria;p__Chloroflexi;__,k__Bacteria;p__Cyanobacteria;c__4C0d-2,k__Bacteria;p__Cyanobacteria;c__ML635J-21,k__Bacteria;p__GAL15;c__,k__Bacteria;p__Chloroflexi;c__[Thermobacula],k__Bacteria;p__Spirochaetes;c__Spirochaetes,k__Bacteria;p__TM6;c__SJA-4,k__Bacteria;p__GN04;c__5bav_B12,k__Bacteria;p__NKB19;__,k__Bacteria;p__Actinobacteria;c__Nitriliruptoria,k__Bacteria;p__Chlamydiae;c__Chlamydiia,k__Bacteria;p__Verrucomicrobia;c__,k__Bacteria;p__Planctomycetes;c__BD7-11,k__Bacteria;p__OD1;c__SM2F11,k__Bacteria;p__[Thermi];c__Deinococci,k__Bacteria;p__Bacteroidetes;c__VC2_1_Bac22,k__Bacteria;p__WS2;c__SHA-109,k__Bacteria;p__OP11;c__OP11-4,k__Bacteria;p__Chlorobi;c__,k__Bacteria;p__Cyanobacteria;__,k__Bacteria;p__TM7;c__,k__Bacteria;p__Tenericutes;c__Mollicutes,k__Bacteria;p__Gemmatimonadetes;c__Gemm-4,k__Bacteria;p__NKB19;c__SHAB590,k__Bacteria;p__OP11;c__,k__Bacteria;p__WS4;c__,k__Bacteria;p__Fusobacteria;c__Fusobacteriia,k__Bacteria;p__Chloroflexi;c__Dehalococcoidetes,k__Bacteria;p__NKB19;c__,k__Bacteria;p__Planctomycetes;__,k__Bacteria;p__Verrucomicrobia;c__[Methylacidiphilae],k__Bacteria;p__Bacteroidetes;c__[Rhodothermi],k__Bacteria;p__Armatimonadetes;c__OPB50,k__Bacteria;p__GOUTA4;c__,k__Bacteria;p__Chlorobi;c__OPB56,k__Bacteria;p__Actinobacteria;c__Coriobacteriia,k__Bacteria;p__AD3;c__,Year_est,Age,OS_location,Lat_long,Establishment,pH,EC,Cutting,Cattle,Sheep,Plough
Whitelands_2018/19_,1272.0,1124.0,3716.0,1168.0,471.0,4586.0,3013.0,3756.0,1083.0,795.0,75.0,337.0,280.0,129.0,543.0,81.0,525.0,55.0,221.0,243.0,190.0,296.0,37.0,284.0,162.0,91.0,106.0,66.0,30.0,98.0,89.0,57.0,69.0,138.0,99.0,21.0,15.0,0.0,14.0,9.0,0.0,43.0,11.0,0.0,4.0,19.0,37.0,8.0,20.0,46.0,8.0,0.0,12.0,32.0,8.0,14.0,6.0,6.0,0.0,0.0,5.0,7.0,15.0,0.0,0.0,0.0,0.0,0.0,0.0,0.0,2.0,18.0,0.0,0.0,0.0,0.0,0.0,9.0,0.0,0.0,0.0,0.0,0.0,0.0,0.0,0.0,0.0,0.0,0.0,0.0,0.0,0.0,0.0,0.0,0.0,0.0,0.0,0.0,0.0,0.0,6.0,0.0,0.0,0.0,0.0,0.0,0.0,0.0,0.0,0.0,0.0,0.0,0.0,0.0,0.0,0.0,0.0,0.0,0.0,0.0,0.0,0.0,0.0,0.0,0.0,0.0,0.0,0.0,0.0,0.0,0.0,0.0,2018,3,SU2990087100,51.581972; -1.5698756,seed_mix,8.03,136.4,0.0,0.0,1.0,1
Castle_Field_West_(W),1166.0,1885.0,5030.0,1398.0,271.0,3450.0,1987.0,3303.0,1425.0,772.0,82.0,225.0,353.0,359.0,390.0,155.0,165.0,100.0,418.0,306.0,168.0,194.0,22.0,240.0,189.0,36.0,25.0,90.0,12.0,79.0,8.0,23.0,37.0,145.0,96.0,19.0,11.0,0.0,0.0,0.0,7.0,28.0,6.0,0.0,54.0,0.0,95.0,11.0,14.0,6.0,13.0,0.0,17.0,40.0,17.0,0.0,2.0,7.0,0.0,0.0,8.0,0.0,0.0,5.0,0.0,0.0,0.0,0.0,0.0,0.0,7.0,8.0,0.0,0.0,0.0,0.0,0.0,0.0,0.0,0.0,0.0,0.0,0.0,0.0,0.0,0.0,0.0,0.0,0.0,0.0,0.0,0.0,0.0,0.0,0.0,0.0,0.0,0.0,0.0,0.0,0.0,0.0,0.0,0.0,0.0,0.0,0.0,0.0,0.0,0.0,0.0,0.0,0.0,0.0,0.0,0.0,0.0,0.0,0.0,0.0,0.0,0.0,0.0,0.0,0.0,0.0,0.0,0.0,0.0,0.0,0.0,0.0,2002,19,SU2950086200,51.573901; -1.5757235,seed_mix,7.93,139.3,0.0,1.0,1.0,1
Toposcope_Field_-_1980s,2194.0,2065.0,6901.0,1815.0,233.0,4441.0,2410.0,4456.0,2406.0,1240.0,99.0,283.0,445.0,466.0,469.0,127.0,127.0,172.0,393.0,420.0,102.0,349.0,20.0,316.0,201.0,68.0,52.0,56.0,27.0,74.0,36.0,0.0,20.0,221.0,209.0,23.0,8.0,0.0,11.0,7.0,21.0,16.0,4.0,0.0,32.0,13.0,33.0,0.0,25.0,2.0,8.0,11.0,0.0,69.0,5.0,14.0,0.0,3.0,0.0,0.0,0.0,0.0,0.0,0.0,0.0,0.0,0.0,0.0,0.0,0.0,3.0,0.0,0.0,0.0,3.0,0.0,0.0,0.0,0.0,0.0,0.0,0.0,0.0,0.0,0.0,0.0,0.0,0.0,0.0,0.0,0.0,0.0,0.0,0.0,0.0,0.0,0.0,0.0,0.0,0.0,0.0,0.0,0.0,0.0,0.0,0.0,0.0,0.0,0.0,0.0,0.0,0.0,0.0,0.0,0.0,0.0,0.0,0.0,0.0,0.0,0.0,0.0,0.0,0.0,0.0,0.0,0.0,0.0,0.0,0.0,0.0,0.0,1985,36,SU2950086600,51.577497; -1.5756901,Natural_regen,7.94,139.7,0.0,1.0,1.0,0
Bradenham_post-1986_b,2553.0,810.0,9426.0,2905.0,459.0,3676.0,4789.0,4611.0,1993.0,1431.0,131.0,244.0,167.0,636.0,675.0,226.0,202.0,260.0,730.0,427.0,172.0,885.0,32.0,717.0,128.0,186.0,72.0,130.0,61.0,93.0,19.0,0.0,80.0,185.0,17.0,38.0,14.0,0.0,15.0,29.0,22.0,0.0,32.0,0.0,0.0,19.0,47.0,25.0,16.0,16.0,19.0,8.0,15.0,21.0,21.0,30.0,9.0,8.0,0.0,0.0,0.0,4.0,2.0,0.0,0.0,0.0,0.0,0.0,0.0,0.0,0.0,0.0,0.0,0.0,0.0,0.0,0.0,0.0,0.0,0.0,0.0,0.0,0.0,0.0,0.0,0.0,0.0,0.0,0.0,0.0,0.0,0.0,0.0,0.0,0.0,0.0,0.0,0.0,0.0,0.0,0.0,0.0,0.0,0.0,0.0,0.0,0.0,0.0,0.0,0.0,0.0,0.0,0.0,0.0,0.0,0.0,0.0,0.0,0.0,0.0,0.0,0.0,0.0,0.0,0.0,0.0,0.0,0.0,0.0,0.0,0.0,0.0,1986,35,SU8290097718,51.672127; -0.80258692,seed_mix,7.84,151.7,0.0,1.0,1.0,1
Lardon_Chase_The_Holies_motorcycle,5215.0,1598.0,2300.0,445.0,66.0,1342.0,911.0,2167.0,2276.0,612.0,32.0,180.0,134.0,174.0,221.0,26.0,41.0,103.0,125.0,91.0,39.0,122.0,18.0,82.0,104.0,11.0,21.0,18.0,0.0,16.0,36.0,0.0,0.0,67.0,60.0,0.0,0.0,0.0,0.0,0.0,0.0,0.0,0.0,0.0,17.0,0.0,0.0,6.0,0.0,0.0,6.0,0.0,0.0,37.0,0.0,0.0,0.0,0.0,0.0,0.0,0.0,0.0,0.0,0.0,0.0,0.0,2.0,0.0,0.0,0.0,0.0,0.0,0.0,0.0,0.0,0.0,0.0,0.0,0.0,0.0,0.0,0.0,0.0,0.0,0.0,0.0,0.0,0.0,0.0,0.0,0.0,0.0,0.0,0.0,0.0,0.0,0.0,0.0,0.0,0.0,0.0,0.0,0.0,0.0,0.0,0.0,0.0,0.0,0.0,0.0,0.0,0.0,0.0,0.0,0.0,0.0,0.0,0.0,0.0,0.0,0.0,0.0,0.0,0.0,0.0,0.0,0.0,0.0,0.0,0.0,0.0,0.0,2007,14,SU5930079800,51.514021; -1.1468383,Natural_regen,7.94,135.7,0.0,0.0,1.0,0
Stonehenge_2000_2017a,1276.0,3219.0,6670.0,1564.0,961.0,6039.0,4056.0,5809.0,1388.0,1708.0,190.0,409.0,171.0,205.0,813.0,126.0,319.0,160.0,522.0,381.0,194.0,495.0,67.0,459.0,272.0,66.0,80.0,65.0,53.0,129.0,33.0,0.0,124.0,126.0,48.0,19.0,21.0,0.0,13.0,12.0,0.0,24.0,18.0,2.0,10.0,35.0,31.0,27.0,9.0,4.0,24.0,5.0,0.0,16.0,5.0,7.0,6.0,5.0,6.0,0.0,0.0,4.0,0.0,0.0,0.0,0.0,0.0,0.0,0.0,0.0,0.0,0.0,0.0,0.0,0.0,0.0,0.0,0.0,0.0,0.0,0.0,0.0,0.0,0.0,0.0,0.0,0.0,0.0,0.0,4.0,0.0,0.0,0.0,0.0,0.0,0.0,0.0,0.0,0.0,0.0,0.0,0.0,0.0,0.0,0.0,0.0,0.0,0.0,0.0,0.0,0.0,0.0,0.0,0.0,0.0,0.0,0.0,0.0,0.0,0.0,0.0,0.0,0.0,0.0,0.0,0.0,0.0,0.0,0.0,0.0,0.0,0.0,2000,21,SU1370042400,51.180671; -1.8053828,Green_hay/bush,7.88,144.3,0.0,1.0,1.0,1
Stonehenge_2003_2017b,1169.0,2186.0,6493.0,1694.0,485.0,5361.0,3759.0,5788.0,1300.0,1484.0,226.0,359.0,245.0,380.0,800.0,124.0,199.0,50.0,447.0,426.0,181.0,395.0,66.0,392.0,158.0,137.0,69.0,115.0,40.0,81.0,16.0,0.0,129.0,116.0,18.0,29.0,19.0,0.0,22.0,16.0,27.0,6.0,17.0,0.0,8.0,0.0,49.0,16.0,12.0,10.0,5.0,6.0,0.0,7.0,8.0,0.0,0.0,5.0,0.0,0.0,0.0,0.0,0.0,9.0,0.0,4.0,0.0,0.0,0.0,0.0,0.0,0.0,0.0,0.0,0.0,0.0,0.0,0.0,0.0,3.0,0.0,0.0,0.0,0.0,0.0,0.0,0.0,0.0,0.0,0.0,0.0,0.0,0.0,0.0,0.0,0.0,0.0,0.0,0.0,3.0,0.0,0.0,0.0,0.0,0.0,0.0,0.0,0.0,0.0,0.0,0.0,0.0,0.0,0.0,0.0,0.0,0.0,0.0,0.0,0.0,0.0,0.0,0.0,0.0,0.0,0.0,0.0,0.0,0.0,0.0,0.0,0.0,2003,18,SU1150041600,51.173525; -1.8368821,Green_hay/bush,7.69,184.4,0.0,1.0,1.0,1
Stonehenge_2009,1171.0,2848.0,5922.0,1719.0,469.0,6980.0,3846.0,7255.0,1161.0,1700.0,195.0,416.0,212.0,129.0,855.0,121.0,299.0,109.0,441.0,428.0,207.0,338.0,70.0,455.0,230.0,121.0,88.0,140.0,39.0,80.0,45.0,0.0,133.0,145.0,16.0,0.0,27.0,0.0,17.0,24.0,0.0,8.0,22.0,0.0,7.0,26.0,58.0,11.0,7.0,21.0,7.0,5.0,4.0,13.0,3.0,0.0,0.0,4.0,7.0,10.0,0.0,11.0,0.0,9.0,0.0,0.0,0.0,6.0,0.0,0.0,0.0,0.0,0.0,0.0,0.0,0.0,0.0,0.0,0.0,0.0,0.0,0.0,0.0,0.0,0.0,0.0,0.0,0.0,0.0,0.0,0.0,0.0,0.0,0.0,0.0,0.0,0.0,0.0,0.0,0.0,0.0,0.0,0.0,0.0,0.0,0.0,0.0,0.0,0.0,0.0,0.0,0.0,0.0,0.0,0.0,0.0,0.0,0.0,0.0,0.0,0.0,0.0,0.0,0.0,0.0,0.0,0.0,0.0,0.0,0.0,0.0,0.0,2009,12,SU1050041700,51.174443; -1.8511833,Green_hay/bush,7.82,156.5,0.0,0.0,1.0,1
Stonehenge_2007_2016,1078.0,2205.0,5749.0,1325.0,437.0,5591.0,4800.0,6407.0,1119.0,1321.0,177.0,341.0,177.0,49.0,722.0,112.0,337.0,88.0,478.0,433.0,182.0,452.0,79.0,561.0,220.0,95.0,66.0,108.0,42.0,71.0,12.0,0.0,120.0,96.0,4.0,33.0,21.0,0.0,22.0,16.0,7.0,0.0,19.0,0.0,4.0,19.0,26.0,37.0,0.0,7.0,0.0,7.0,2.0,38.0,5.0,0.0,0.0,0.0,0.0,0.0,0.0,3.0,0.0,7.0,0.0,5.0,3.0,4.0,0.0,0.0,0.0,0.0,0.0,0.0,0.0,0.0,0.0,0.0,0.0,0.0,0.0,0.0,0.0,0.0,0.0,0.0,0.0,0.0,0.0,0.0,0.0,0.0,0.0,0.0,0.0,0.0,0.0,0.0,0.0,0.0,0.0,0.0,0.0,0.0,0.0,0.0,0.0,0.0,0.0,0.0,0.0,0.0,0.0,0.0,0.0,0.0,0.0,0.0,0.0,0.0,0.0,0.0,0.0,0.0,0.0,0.0,0.0,0.0,0.0,0.0,0.0,0.0,2007,14,SU1100041900,51.176233; -1.8440251,Green_hay/bush,7.87,158.8,0.0,1.0,1.0,1
Stonehenge_2005,1234.0,2303.0,6345.0,1468.0,586.0,5407.0,4574.0,6237.0,1262.0,1601.0,217.0,365.0,123.0,42.0,763.0,132.0,380.0,94.0,552.0,431.0,169.0,518.0,77.0,440.0,159.0,101.0,48.0,96.0,49.0,66.0,14.0,0.0,100.0,89.0,15.0,36.0,30.0,0.0,16.0,17.0,9.0,0.0,13.0,0.0,6.0,19.0,39.0,22.0,0.0,11.0,0.0,6.0,4.0,34.0,3.0,5.0,6.0,0.0,0.0,0.0,0.0,6.0,0.0,0.0,0.0,7.0,0.0,0.0,0.0,0.0,0.0,0.0,0.0,0.0,0.0,0.0,0.0,0.0,0.0,0.0,0.0,0.0,0.0,0.0,0.0,0.0,0.0,0.0,0.0,0.0,0.0,0.0,0.0,0.0,0.0,0.0,0.0,0.0,0.0,0.0,0.0,0.0,0.0,0.0,0.0,0.0,0.0,0.0,0.0,0.0,0.0,0.0,0.0,0.0,0.0,0.0,0.0,0.0,0.0,0.0,0.0,0.0,0.0,0.0,0.0,0.0,0.0,0.0,0.0,0.0,0.0,0.0,2005,16,SU1140042200,51.178922; -1.8382937,Green_hay/bush,7.85,145.0,0.0,0.0,1.0,1
Stonehenge_2002_2017,1051.0,2697.0,6633.0,1511.0,601.0,5952.0,2817.0,7498.0,1311.0,1618.0,120.0,297.0,212.0,87.0,804.0,86.0,306.0,171.0,471.0,316.0,181.0,469.0,82.0,288.0,258.0,42.0,69.0,63.0,33.0,68.0,20.0,26.0,63.0,142.0,25.0,24.0,3.0,0.0,19.0,0.0,0.0,3.0,9.0,0.0,16.0,15.0,22.0,8.0,0.0,3.0,9.0,9.0,7.0,27.0,5.0,0.0,0.0,0.0,3.0,0.0,0.0,0.0,0.0,0.0,0.0,0.0,0.0,0.0,0.0,0.0,0.0,0.0,0.0,0.0,0.0,0.0,0.0,0.0,0.0,0.0,0.0,0.0,0.0,0.0,0.0,0.0,0.0,0.0,0.0,0.0,0.0,0.0,0.0,0.0,0.0,0.0,0.0,0.0,0.0,0.0,0.0,0.0,0.0,0.0,0.0,0.0,0.0,0.0,0.0,0.0,0.0,0.0,0.0,0.0,0.0,0.0,0.0,0.0,0.0,0.0,0.0,0.0,0.0,0.0,0.0,0.0,0.0,0.0,0.0,0.0,0.0,0.0,2002,19,SU1480043200,51.187837; -1.7896132,Green_hay/bush,7.91,130.3,0.0,1.0,1.0,1
Stonehenge_2010,1211.0,2599.0,6090.0,1476.0,408.0,4411.0,4160.0,4549.0,1229.0,1159.0,218.0,376.0,217.0,68.0,594.0,118.0,244.0,55.0,465.0,382.0,172.0,422.0,68.0,497.0,100.0,156.0,73.0,55.0,27.0,99.0,39.0,15.0,113.0,138.0,21.0,24.0,21.0,0.0,22.0,20.0,9.0,0.0,8.0,0.0,6.0,8.0,54.0,25.0,0.0,26.0,9.0,16.0,0.0,10.0,5.0,0.0,0.0,0.0,0.0,0.0,0.0,0.0,0.0,0.0,5.0,0.0,0.0,0.0,0.0,0.0,0.0,0.0,0.0,0.0,0.0,0.0,0.0,0.0,0.0,0.0,0.0,0.0,0.0,0.0,0.0,0.0,0.0,0.0,0.0,0.0,0.0,0.0,0.0,0.0,0.0,0.0,0.0,0.0,0.0,0.0,0.0,0.0,0.0,0.0,0.0,0.0,0.0,0.0,0.0,0.0,0.0,0.0,0.0,0.0,0.0,0.0,0.0,0.0,0.0,0.0,0.0,0.0,0.0,0.0,0.0,0.0,0.0,0.0,0.0,0.0,0.0,0.0,2010,11,SU1070043000,51.186129; -1.8482842,Green_hay/bush,7.69,202.0,0.0,1.0,1.0,1
Stonehenge_2011,1449.0,2285.0,7181.0,1648.0,627.0,6296.0,4343.0,5984.0,1409.0,1672.0,317.0,463.0,169.0,66.0,743.0,115.0,329.0,76.0,624.0,573.0,318.0,542.0,113.0,603.0,210.0,152.0,98.0,108.0,37.0,87.0,25.0,0.0,129.0,132.0,15.0,36.0,15.0,0.0,15.0,19.0,15.0,0.0,10.0,0.0,7.0,14.0,74.0,14.0,0.0,35.0,0.0,0.0,2.0,49.0,20.0,10.0,4.0,0.0,8.0,0.0,0.0,5.0,0.0,9.0,6.0,6.0,0.0,0.0,0.0,0.0,0.0,0.0,0.0,0.0,0.0,3.0,0.0,0.0,0.0,4.0,0.0,6.0,0.0,2.0,0.0,0.0,0.0,0.0,0.0,0.0,0.0,0.0,0.0,0.0,0.0,0.0,0.0,0.0,0.0,0.0,0.0,0.0,0.0,0.0,0.0,0.0,0.0,0.0,0.0,0.0,0.0,0.0,0.0,0.0,0.0,0.0,0.0,0.0,0.0,0.0,0.0,0.0,0.0,0.0,0.0,0.0,0.0,0.0,0.0,0.0,0.0,0.0,2011,10,SU1050043600,51.191528; -1.8511284,Green_hay/bush,7.85,174.3,0.0,1.0,1.0,1
Stonehenge_-_Luxenborough_BankB,1783.0,1708.0,6460.0,1657.0,285.0,4678.0,4476.0,4971.0,1527.0,1398.0,206.0,572.0,277.0,50.0,563.0,135.0,258.0,56.0,544.0,471.0,169.0,500.0,69.0,626.0,122.0,63.0,47.0,106.0,51.0,134.0,39.0,11.0,101.0,156.0,12.0,57.0,19.0,0.0,17.0,16.0,11.0,0.0,20.0,0.0,10.0,0.0,37.0,7.0,0.0,29.0,0.0,18.0,0.0,49.0,11.0,0.0,0.0,0.0,0.0,0.0,0.0,4.0,0.0,0.0,0.0,0.0,0.0,7.0,0.0,0.0,5.0,0.0,0.0,0.0,0.0,0.0,0.0,0.0,0.0,0.0,0.0,0.0,0.0,0.0,0.0,0.0,0.0,0.0,0.0,0.0,0.0,0.0,0.0,0.0,0.0,0.0,0.0,0.0,0.0,0.0,0.0,0.0,0.0,0.0,0.0,0.0,0.0,0.0,0.0,0.0,0.0,0.0,0.0,0.0,0.0,0.0,0.0,0.0,0.0,0.0,0.0,0.0,0.0,0.0,0.0,0.0,0.0,0.0,0.0,0.0,0.0,0.0,2000,21,SU1290041900,51.176193; -1.8168457,Green_hay/bush,7.78,186.6,1.0,0.0,1.0,1
Watlington_natural_reversion,2590.0,1601.0,9623.0,2568.0,331.0,3193.0,3793.0,2885.0,1923.0,938.0,172.0,343.0,184.0,118.0,338.0,137.0,172.0,115.0,564.0,466.0,168.0,933.0,36.0,1483.0,87.0,96.0,86.0,71.0,47.0,97.0,21.0,0.0,61.0,238.0,28.0,31.0,12.0,0.0,18.0,15.0,21.0,0.0,20.0,0.0,8.0,0.0,33.0,0.0,0.0,8.0,0.0,9.0,0.0,64.0,11.0,16.0,0.0,0.0,0.0,0.0,0.0,0.0,0.0,0.0,0.0,0.0,0.0,0.0,0.0,0.0,0.0,0.0,0.0,0.0,0.0,0.0,0.0,0.0,0.0,0.0,0.0,0.0,0.0,0.0,0.0,0.0,0.0,0.0,0.0,0.0,0.0,0.0,0.0,0.0,0.0,0.0,0.0,0.0,0.0,0.0,0.0,0.0,0.0,0.0,0.0,0.0,0.0,0.0,0.0,0.0,0.0,0.0,0.0,0.0,0.0,0.0,0.0,0.0,0.0,0.0,0.0,0.0,0.0,0.0,0.0,0.0,0.0,0.0,0.0,0.0,0.0,0.0,2000,21,SU7050293600,51.636798; -0.98266944,Natural_regen,7.8,147.5,0.0,0.0,1.0,0
St_Catherines_A3,961.0,1531.0,7161.0,1567.0,258.0,3075.0,2902.0,3921.0,1164.0,1098.0,197.0,171.0,99.0,51.0,315.0,65.0,185.0,86.0,328.0,206.0,108.0,356.0,66.0,950.0,90.0,162.0,70.0,30.0,30.0,46.0,37.0,17.0,67.0,174.0,4.0,0.0,17.0,0.0,10.0,9.0,23.0,0.0,13.0,0.0,4.0,0.0,6.0,11.0,0.0,0.0,0.0,8.0,0.0,27.0,6.0,0.0,0.0,0.0,0.0,0.0,5.0,4.0,0.0,0.0,0.0,0.0,2.0,0.0,0.0,0.0,0.0,0.0,0.0,0.0,0.0,0.0,0.0,0.0,0.0,0.0,0.0,0.0,0.0,0.0,0.0,0.0,0.0,0.0,0.0,0.0,0.0,0.0,0.0,0.0,0.0,0.0,0.0,0.0,0.0,0.0,0.0,0.0,0.0,0.0,0.0,0.0,0.0,0.0,0.0,0.0,0.0,0.0,0.0,0.0,0.0,0.0,0.0,0.0,0.0,0.0,0.0,0.0,0.0,0.0,0.0,0.0,0.0,0.0,0.0,0.0,0.0,0.0,1994,27,SU4812327449,51.044386; -1.3149275,Green_hay/bush,7.63,222.0,1.0,1.0,1.0,0
HARLEY_FARMS_Chittern,1460.0,2725.0,6416.0,1569.0,509.0,6077.0,3934.0,4950.0,1516.0,1454.0,141.0,469.0,174.0,32.0,687.0,112.0,294.0,100.0,324.0,428.0,241.0,435.0,61.0,556.0,224.0,74.0,65.0,85.0,48.0,117.0,83.0,0.0,94.0,53.0,5.0,13.0,13.0,0.0,21.0,0.0,0.0,0.0,0.0,0.0,4.0,0.0,17.0,7.0,0.0,16.0,0.0,10.0,0.0,0.0,20.0,0.0,0.0,0.0,0.0,0.0,0.0,0.0,0.0,0.0,0.0,2.0,0.0,0.0,0.0,0.0,0.0,0.0,0.0,7.0,0.0,0.0,0.0,0.0,0.0,0.0,0.0,0.0,0.0,0.0,0.0,0.0,0.0,0.0,0.0,0.0,0.0,0.0,0.0,0.0,0.0,0.0,0.0,0.0,0.0,0.0,0.0,0.0,0.0,0.0,0.0,0.0,0.0,0.0,0.0,0.0,0.0,0.0,0.0,0.0,0.0,0.0,0.0,0.0,0.0,0.0,0.0,0.0,0.0,0.0,0.0,0.0,0.0,0.0,0.0,0.0,0.0,0.0,2013,8,ST9762044730,51.201778; -2.0354461,seed_mix,7.77,197.9,1.0,1.0,0.0,1
HARLEY_FARMS_New1,1164.0,3739.0,5617.0,1242.0,612.0,6103.0,3873.0,5642.0,1005.0,1208.0,162.0,410.0,153.0,75.0,684.0,96.0,678.0,63.0,360.0,313.0,238.0,406.0,75.0,444.0,223.0,95.0,185.0,36.0,47.0,99.0,96.0,14.0,112.0,144.0,15.0,0.0,32.0,0.0,9.0,24.0,8.0,8.0,23.0,4.0,5.0,21.0,11.0,20.0,0.0,29.0,3.0,20.0,13.0,7.0,5.0,0.0,10.0,0.0,7.0,0.0,0.0,11.0,7.0,0.0,0.0,6.0,0.0,5.0,0.0,0.0,0.0,0.0,0.0,0.0,0.0,0.0,0.0,0.0,0.0,0.0,0.0,3.0,0.0,0.0,0.0,0.0,4.0,0.0,3.0,0.0,0.0,0.0,0.0,0.0,0.0,0.0,0.0,0.0,0.0,0.0,0.0,0.0,0.0,0.0,0.0,0.0,0.0,0.0,0.0,0.0,0.0,0.0,0.0,0.0,0.0,0.0,0.0,0.0,0.0,0.0,0.0,0.0,0.0,0.0,0.0,0.0,0.0,0.0,0.0,0.0,0.0,0.0,2020,1,ST9346829822,51.067692; -2.0945983,seed_mix,7.84,144.1,0.0,1.0,0.0,0
HARLEY_FARMS_new2b,1701.0,4399.0,5174.0,1521.0,347.0,5412.0,3260.0,5056.0,758.0,872.0,269.0,882.0,115.0,536.0,914.0,112.0,210.0,25.0,281.0,322.0,310.0,606.0,18.0,403.0,117.0,23.0,287.0,73.0,96.0,218.0,267.0,0.0,72.0,263.0,58.0,19.0,33.0,15.0,15.0,0.0,7.0,16.0,21.0,125.0,19.0,28.0,80.0,10.0,46.0,70.0,5.0,15.0,32.0,11.0,0.0,0.0,5.0,12.0,7.0,0.0,8.0,3.0,3.0,3.0,11.0,0.0,0.0,11.0,0.0,0.0,3.0,0.0,0.0,0.0,0.0,0.0,0.0,0.0,0.0,0.0,0.0,13.0,0.0,0.0,0.0,0.0,0.0,0.0,0.0,0.0,0.0,7.0,0.0,0.0,0.0,0.0,0.0,0.0,0.0,0.0,0.0,0.0,0.0,0.0,0.0,0.0,0.0,0.0,0.0,0.0,0.0,0.0,0.0,0.0,0.0,0.0,0.0,0.0,0.0,0.0,0.0,0.0,0.0,0.0,0.0,0.0,0.0,0.0,0.0,0.0,0.0,0.0,2020,1,ST9242629613,51.065799; -2.1094648,seed_mix,7.09,102.5,1.0,0.0,0.0,0
WINDMILL_farm,1017.0,3279.0,4014.0,1084.0,275.0,3105.0,2341.0,2543.0,609.0,642.0,222.0,460.0,91.0,313.0,536.0,59.0,122.0,41.0,264.0,213.0,134.0,345.0,3.0,108.0,64.0,2.0,115.0,22.0,47.0,147.0,133.0,37.0,28.0,68.0,18.0,0.0,15.0,13.0,10.0,9.0,8.0,0.0,0.0,34.0,6.0,25.0,36.0,0.0,47.0,2.0,6.0,9.0,0.0,5.0,16.0,0.0,9.0,6.0,0.0,0.0,0.0,0.0,4.0,0.0,0.0,0.0,0.0,0.0,0.0,0.0,0.0,0.0,0.0,0.0,0.0,0.0,0.0,0.0,0.0,0.0,0.0,0.0,0.0,0.0,0.0,0.0,0.0,0.0,0.0,0.0,0.0,0.0,0.0,0.0,0.0,0.0,0.0,0.0,0.0,0.0,0.0,0.0,0.0,0.0,0.0,0.0,0.0,0.0,0.0,0.0,0.0,0.0,0.0,0.0,0.0,0.0,0.0,0.0,0.0,0.0,0.0,0.0,0.0,0.0,0.0,0.0,0.0,0.0,0.0,0.0,0.0,0.0,1990,31,SU7176229761,51.06271; -0.97732036,seed_mix,7.32,210.0,1.0,1.0,1.0,1
DRUIDS,1226.0,3907.0,5967.0,1566.0,401.0,4811.0,2893.0,4828.0,783.0,1086.0,207.0,626.0,109.0,376.0,789.0,98.0,193.0,51.0,318.0,230.0,141.0,411.0,24.0,313.0,125.0,24.0,132.0,33.0,57.0,150.0,139.0,23.0,90.0,126.0,21.0,8.0,16.0,13.0,0.0,6.0,21.0,6.0,16.0,38.0,4.0,27.0,30.0,0.0,19.0,25.0,0.0,0.0,0.0,4.0,0.0,0.0,0.0,0.0,0.0,0.0,0.0,0.0,0.0,0.0,0.0,0.0,5.0,0.0,7.0,0.0,0.0,0.0,0.0,0.0,0.0,0.0,0.0,0.0,0.0,0.0,0.0,0.0,0.0,0.0,0.0,0.0,0.0,0.0,0.0,0.0,0.0,0.0,0.0,0.0,0.0,0.0,0.0,0.0,0.0,0.0,0.0,0.0,0.0,0.0,0.0,0.0,0.0,0.0,0.0,0.0,0.0,0.0,0.0,0.0,0.0,0.0,0.0,0.0,0.0,0.0,0.0,0.0,0.0,0.0,0.0,0.0,0.0,0.0,0.0,0.0,0.0,0.0,2002,19,SU2964250324,51.251319; -1.5766624,seed_mix,7.14,176.3,1.0,1.0,1.0,1
Stratton_Wood,1062.0,1465.0,5729.0,1218.0,746.0,5224.0,2442.0,4338.0,922.0,1462.0,236.0,280.0,208.0,374.0,736.0,65.0,365.0,46.0,249.0,140.0,181.0,294.0,23.0,439.0,103.0,56.0,175.0,22.0,41.0,59.0,60.0,0.0,69.0,158.0,39.0,0.0,49.0,0.0,0.0,0.0,16.0,0.0,17.0,16.0,4.0,19.0,7.0,15.0,21.0,12.0,0.0,0.0,9.0,47.0,0.0,0.0,0.0,0.0,0.0,0.0,0.0,0.0,0.0,0.0,0.0,0.0,5.0,0.0,0.0,0.0,0.0,0.0,0.0,0.0,0.0,0.0,0.0,0.0,0.0,0.0,0.0,0.0,0.0,0.0,0.0,0.0,0.0,0.0,0.0,0.0,0.0,0.0,0.0,0.0,0.0,0.0,0.0,0.0,0.0,0.0,0.0,0.0,0.0,0.0,0.0,0.0,0.0,0.0,0.0,0.0,0.0,0.0,0.0,0.0,0.0,0.0,0.0,0.0,0.0,0.0,0.0,0.0,0.0,0.0,0.0,0.0,0.0,0.0,0.0,0.0,0.0,0.0,1995,26,SU1647289260,51.601942; -1.7635665,seed_mix,7.41,126.8,1.0,0.0,0.0,1
WESTMEAD_FARM,874.0,807.0,3586.0,847.0,314.0,2705.0,1865.0,2546.0,806.0,995.0,88.0,234.0,128.0,256.0,446.0,38.0,182.0,44.0,208.0,147.0,108.0,192.0,60.0,164.0,34.0,9.0,54.0,20.0,44.0,52.0,18.0,17.0,40.0,135.0,41.0,11.0,7.0,0.0,0.0,0.0,16.0,0.0,16.0,0.0,0.0,0.0,11.0,8.0,16.0,5.0,0.0,7.0,0.0,12.0,11.0,0.0,2.0,0.0,0.0,0.0,0.0,0.0,0.0,0.0,0.0,0.0,0.0,0.0,0.0,0.0,0.0,0.0,0.0,0.0,0.0,0.0,0.0,0.0,0.0,0.0,0.0,0.0,0.0,0.0,0.0,0.0,0.0,0.0,0.0,0.0,0.0,0.0,0.0,0.0,0.0,0.0,0.0,0.0,0.0,0.0,0.0,0.0,0.0,0.0,0.0,0.0,0.0,0.0,0.0,0.0,0.0,0.0,0.0,0.0,0.0,0.0,0.0,0.0,0.0,0.0,0.0,0.0,0.0,0.0,0.0,0.0,0.0,0.0,0.0,0.0,0.0,0.0,2000,21,SU6317525168,51.022422; -1.1006408,seed_mix,7.75,159.0,1.0,0.0,1.0,0
RSPB_orig_green,1156.0,3031.0,5565.0,1346.0,225.0,4142.0,2296.0,4630.0,1325.0,1181.0,99.0,250.0,218.0,209.0,548.0,79.0,139.0,181.0,382.0,245.0,178.0,251.0,32.0,179.0,216.0,10.0,86.0,70.0,20.0,75.0,39.0,0.0,12.0,138.0,36.0,14.0,0.0,0.0,13.0,8.0,9.0,7.0,9.0,0.0,14.0,0.0,45.0,12.0,8.0,8.0,20.0,4.0,0.0,41.0,0.0,0.0,0.0,0.0,9.0,14.0,0.0,0.0,0.0,0.0,0.0,0.0,2.0,0.0,0.0,0.0,0.0,0.0,0.0,0.0,0.0,0.0,0.0,0.0,0.0,0.0,0.0,0.0,0.0,0.0,0.0,0.0,0.0,0.0,0.0,0.0,0.0,0.0,0.0,0.0,0.0,0.0,0.0,0.0,0.0,0.0,0.0,0.0,0.0,0.0,0.0,0.0,0.0,0.0,0.0,0.0,0.0,0.0,0.0,0.0,0.0,0.0,0.0,0.0,0.0,0.0,0.0,0.0,0.0,0.0,0.0,0.0,0.0,0.0,0.0,0.0,0.0,0.0,2006,15,SU2135640329,51.161815; -1.6959767,Green_hay/bush,7.99,138.1,0.0,1.0,1.0,0
RSPB_churchil,857.0,2049.0,4559.0,1012.0,509.0,3689.0,2614.0,3783.0,876.0,956.0,102.0,242.0,103.0,127.0,460.0,80.0,228.0,94.0,232.0,161.0,138.0,331.0,43.0,175.0,168.0,42.0,56.0,58.0,22.0,56.0,23.0,0.0,33.0,143.0,23.0,14.0,11.0,0.0,13.0,18.0,0.0,61.0,8.0,2.0,8.0,0.0,16.0,19.0,7.0,7.0,0.0,5.0,0.0,7.0,0.0,0.0,4.0,0.0,0.0,0.0,0.0,0.0,7.0,0.0,0.0,0.0,0.0,0.0,6.0,0.0,0.0,0.0,0.0,0.0,0.0,0.0,0.0,0.0,0.0,3.0,0.0,0.0,0.0,0.0,0.0,0.0,0.0,0.0,0.0,4.0,0.0,0.0,0.0,0.0,0.0,0.0,0.0,0.0,0.0,0.0,0.0,0.0,0.0,0.0,0.0,0.0,0.0,0.0,0.0,0.0,0.0,0.0,0.0,0.0,0.0,0.0,0.0,0.0,0.0,0.0,0.0,0.0,0.0,0.0,0.0,0.0,0.0,0.0,0.0,0.0,0.0,0.0,2010,11,SU2075340336,51.1619; -1.7045994,Green_hay/bush,8.01,116.8,0.0,0.0,1.0,0
RSPB_junction,1491.0,4333.0,6501.0,1843.0,577.0,6108.0,4270.0,5206.0,1178.0,1542.0,234.0,485.0,197.0,167.0,750.0,132.0,254.0,78.0,490.0,330.0,168.0,530.0,48.0,494.0,177.0,9.0,61.0,98.0,46.0,90.0,51.0,0.0,67.0,181.0,37.0,35.0,40.0,0.0,14.0,12.0,10.0,6.0,14.0,0.0,9.0,17.0,37.0,18.0,11.0,37.0,13.0,13.0,0.0,16.0,31.0,4.0,0.0,3.0,0.0,0.0,0.0,0.0,4.0,20.0,13.0,0.0,0.0,0.0,0.0,0.0,0.0,0.0,0.0,0.0,0.0,0.0,0.0,0.0,0.0,3.0,0.0,0.0,0.0,0.0,0.0,0.0,0.0,0.0,0.0,0.0,0.0,0.0,0.0,0.0,0.0,0.0,0.0,0.0,0.0,0.0,0.0,0.0,0.0,0.0,0.0,0.0,0.0,0.0,0.0,0.0,0.0,0.0,0.0,0.0,0.0,0.0,0.0,0.0,0.0,0.0,0.0,0.0,0.0,0.0,0.0,0.0,0.0,0.0,0.0,0.0,0.0,0.0,2007,14,SU2267739280,51.152332; -1.6771517,Green_hay/bush,8.41,24.6,0.0,0.0,1.0,0
RSPB_Mainline,1109.0,2168.0,4662.0,1250.0,423.0,5433.0,3263.0,3802.0,971.0,1258.0,134.0,373.0,186.0,136.0,542.0,111.0,308.0,87.0,350.0,347.0,147.0,327.0,67.0,252.0,201.0,107.0,76.0,48.0,43.0,61.0,37.0,0.0,58.0,118.0,26.0,9.0,28.0,0.0,19.0,21.0,6.0,37.0,7.0,0.0,7.0,0.0,16.0,24.0,9.0,12.0,0.0,0.0,0.0,12.0,0.0,3.0,0.0,6.0,4.0,0.0,0.0,12.0,0.0,0.0,0.0,0.0,0.0,0.0,0.0,0.0,0.0,0.0,0.0,0.0,0.0,0.0,0.0,0.0,0.0,0.0,0.0,0.0,0.0,0.0,0.0,0.0,0.0,0.0,0.0,0.0,0.0,0.0,0.0,0.0,0.0,0.0,0.0,0.0,0.0,0.0,0.0,0.0,0.0,0.0,0.0,0.0,0.0,0.0,0.0,0.0,0.0,0.0,0.0,0.0,0.0,0.0,0.0,0.0,0.0,0.0,0.0,0.0,0.0,0.0,0.0,0.0,0.0,0.0,0.0,0.0,0.0,0.0,2016,5,SU2250539212,51.151728; -1.6796151,Green_hay/bush,8.48,23.4,0.0,0.0,1.0,0
Baltic_farm_1,980.0,1048.0,3865.0,724.0,289.0,2427.0,957.0,3577.0,487.0,956.0,24.0,184.0,97.0,523.0,353.0,22.0,46.0,111.0,105.0,47.0,30.0,133.0,27.0,60.0,26.0,8.0,4.0,0.0,15.0,24.0,0.0,33.0,30.0,0.0,9.0,0.0,0.0,0.0,0.0,0.0,0.0,28.0,0.0,0.0,2.0,0.0,0.0,0.0,4.0,0.0,0.0,0.0,8.0,5.0,6.0,0.0,0.0,5.0,0.0,0.0,0.0,0.0,0.0,0.0,0.0,0.0,0.0,0.0,0.0,0.0,0.0,0.0,0.0,0.0,0.0,0.0,0.0,0.0,0.0,0.0,0.0,0.0,0.0,0.0,0.0,0.0,0.0,0.0,0.0,0.0,0.0,0.0,0.0,0.0,0.0,0.0,0.0,0.0,0.0,0.0,0.0,0.0,0.0,0.0,0.0,0.0,0.0,0.0,0.0,0.0,0.0,0.0,0.0,0.0,0.0,0.0,0.0,0.0,0.0,0.0,0.0,0.0,0.0,0.0,0.0,0.0,0.0,0.0,0.0,0.0,0.0,0.0,2005,16,SU0459767825,51.40943; -1.9352946,Green_hay/bush,7.94,29.2,1.0,1.0,1.0,0
Baltic_farm_2,1079.0,2122.0,5135.0,1109.0,352.0,3389.0,2057.0,3282.0,962.0,1075.0,121.0,210.0,225.0,406.0,503.0,77.0,74.0,113.0,213.0,150.0,80.0,349.0,34.0,137.0,53.0,101.0,22.0,32.0,26.0,70.0,52.0,26.0,31.0,74.0,57.0,31.0,19.0,0.0,20.0,12.0,13.0,0.0,0.0,0.0,6.0,12.0,60.0,3.0,0.0,6.0,24.0,5.0,0.0,12.0,13.0,0.0,0.0,11.0,0.0,0.0,6.0,0.0,0.0,0.0,0.0,0.0,0.0,0.0,13.0,0.0,0.0,0.0,0.0,0.0,0.0,0.0,0.0,0.0,0.0,0.0,0.0,0.0,0.0,0.0,0.0,0.0,0.0,0.0,0.0,0.0,0.0,0.0,0.0,0.0,0.0,0.0,0.0,0.0,0.0,0.0,0.0,0.0,0.0,0.0,0.0,0.0,0.0,0.0,0.0,0.0,0.0,0.0,0.0,0.0,0.0,0.0,0.0,0.0,0.0,0.0,0.0,0.0,0.0,0.0,0.0,0.0,0.0,0.0,0.0,0.0,0.0,0.0,1998,23,SU0306867167,51.403524; -1.9572835,Green_hay/bush,8.27,29.6,1.0,1.0,1.0,0
WestEndFarm,722.0,1839.0,3056.0,398.0,138.0,2369.0,958.0,1649.0,517.0,616.0,45.0,174.0,90.0,274.0,261.0,39.0,32.0,82.0,96.0,58.0,51.0,162.0,22.0,59.0,12.0,19.0,23.0,27.0,29.0,24.0,11.0,0.0,15.0,20.0,30.0,0.0,0.0,0.0,4.0,8.0,0.0,9.0,0.0,0.0,0.0,0.0,14.0,0.0,0.0,6.0,0.0,0.0,10.0,0.0,6.0,0.0,0.0,0.0,0.0,0.0,0.0,4.0,0.0,0.0,0.0,0.0,0.0,0.0,7.0,0.0,0.0,0.0,0.0,0.0,0.0,0.0,0.0,0.0,0.0,0.0,0.0,0.0,0.0,0.0,0.0,0.0,0.0,0.0,0.0,0.0,0.0,0.0,0.0,0.0,0.0,0.0,0.0,0.0,0.0,0.0,0.0,0.0,0.0,0.0,0.0,0.0,0.0,0.0,0.0,0.0,0.0,0.0,0.0,0.0,0.0,0.0,0.0,0.0,0.0,0.0,0.0,0.0,0.0,0.0,0.0,0.0,0.0,0.0,0.0,0.0,0.0,0.0,2019,2,SU0297366901,51.401133; -1.9586514,Green_hay/bush,8.44,24.1,1.0,0.0,1.0,1
HorntonHouseFarm_1_parallel,709.0,1710.0,3528.0,667.0,421.0,4075.0,1646.0,3997.0,795.0,1239.0,67.0,268.0,118.0,68.0,602.0,52.0,209.0,44.0,184.0,139.0,111.0,175.0,37.0,107.0,186.0,0.0,49.0,87.0,26.0,29.0,76.0,0.0,39.0,66.0,40.0,0.0,8.0,0.0,11.0,0.0,0.0,18.0,8.0,0.0,6.0,0.0,19.0,5.0,6.0,0.0,0.0,9.0,16.0,0.0,0.0,0.0,0.0,0.0,0.0,0.0,0.0,3.0,0.0,5.0,0.0,0.0,0.0,0.0,0.0,0.0,0.0,0.0,0.0,0.0,0.0,0.0,0.0,0.0,0.0,0.0,0.0,0.0,0.0,0.0,0.0,0.0,0.0,0.0,0.0,0.0,0.0,0.0,0.0,0.0,0.0,0.0,0.0,0.0,0.0,0.0,0.0,0.0,0.0,0.0,0.0,0.0,0.0,0.0,0.0,0.0,0.0,0.0,0.0,0.0,0.0,0.0,0.0,0.0,0.0,0.0,0.0,0.0,0.0,0.0,0.0,0.0,0.0,0.0,0.0,0.0,0.0,0.0,2016,5,SU0584565118,51.385079; -1.917395,seed_mix,8.6,29.5,1.0,1.0,1.0,0
TownsendFarm_1,1769.0,2704.0,8892.0,2585.0,388.0,6638.0,5125.0,5032.0,1364.0,1688.0,316.0,407.0,257.0,621.0,1035.0,181.0,67.0,147.0,592.0,368.0,95.0,754.0,33.0,621.0,91.0,249.0,38.0,91.0,52.0,94.0,77.0,0.0,48.0,101.0,81.0,59.0,35.0,0.0,20.0,29.0,14.0,5.0,6.0,0.0,0.0,0.0,59.0,21.0,8.0,18.0,9.0,5.0,0.0,24.0,0.0,9.0,0.0,5.0,0.0,9.0,0.0,0.0,0.0,0.0,0.0,0.0,0.0,0.0,0.0,0.0,0.0,0.0,0.0,0.0,0.0,0.0,4.0,0.0,0.0,0.0,0.0,0.0,0.0,0.0,0.0,6.0,0.0,0.0,0.0,0.0,0.0,0.0,0.0,0.0,0.0,0.0,0.0,0.0,0.0,0.0,0.0,0.0,0.0,0.0,0.0,0.0,0.0,0.0,0.0,0.0,0.0,0.0,0.0,0.0,0.0,0.0,0.0,0.0,0.0,0.0,0.0,0.0,0.0,0.0,0.0,0.0,0.0,0.0,0.0,0.0,0.0,0.0,2017,4,SU0775065316,51.386837; -1.8900159,seed_mix,8.2,36.6,1.0,0.0,1.0,0
TownsendFarm_2,1110.0,1921.0,5273.0,1209.0,363.0,3562.0,2335.0,3531.0,981.0,1303.0,55.0,263.0,234.0,320.0,564.0,57.0,329.0,90.0,304.0,220.0,99.0,239.0,67.0,379.0,55.0,46.0,60.0,48.0,19.0,72.0,165.0,15.0,41.0,187.0,106.0,18.0,12.0,0.0,23.0,8.0,15.0,8.0,9.0,0.0,0.0,0.0,9.0,21.0,13.0,0.0,4.0,0.0,14.0,51.0,5.0,0.0,3.0,5.0,0.0,0.0,0.0,6.0,4.0,0.0,0.0,0.0,0.0,2.0,0.0,0.0,0.0,0.0,0.0,0.0,0.0,0.0,4.0,0.0,0.0,0.0,0.0,0.0,0.0,0.0,0.0,0.0,0.0,0.0,0.0,0.0,0.0,0.0,0.0,0.0,0.0,0.0,0.0,0.0,0.0,0.0,0.0,0.0,0.0,0.0,0.0,0.0,0.0,0.0,0.0,0.0,0.0,0.0,0.0,0.0,0.0,0.0,0.0,0.0,0.0,0.0,0.0,0.0,0.0,0.0,0.0,0.0,0.0,0.0,0.0,0.0,0.0,0.0,2010,11,SU0705164722,51.381505; -1.9000725,seed_mix,8.45,21.2,1.0,0.0,1.0,0
TownsendFarm_3_big,1411.0,2708.0,7387.0,2021.0,404.0,5842.0,4017.0,5453.0,1082.0,1602.0,241.0,428.0,284.0,419.0,930.0,172.0,98.0,118.0,408.0,304.0,57.0,686.0,23.0,408.0,136.0,186.0,43.0,62.0,42.0,115.0,86.0,18.0,113.0,65.0,22.0,51.0,28.0,34.0,12.0,33.0,12.0,7.0,14.0,243.0,4.0,16.0,32.0,17.0,6.0,7.0,3.0,8.0,0.0,16.0,0.0,0.0,0.0,0.0,0.0,0.0,0.0,0.0,0.0,3.0,0.0,0.0,0.0,0.0,0.0,0.0,0.0,0.0,0.0,0.0,0.0,0.0,0.0,0.0,0.0,0.0,0.0,0.0,0.0,0.0,0.0,0.0,0.0,0.0,0.0,0.0,0.0,0.0,0.0,0.0,0.0,0.0,0.0,0.0,0.0,0.0,0.0,0.0,0.0,0.0,0.0,0.0,0.0,0.0,0.0,0.0,0.0,0.0,0.0,0.0,0.0,0.0,0.0,0.0,0.0,0.0,0.0,0.0,0.0,0.0,0.0,0.0,0.0,0.0,0.0,0.0,0.0,0.0,2014,7,SU0886965184,51.385634; -1.8739384,Green_hay/bush,7.92,42.7,1.0,0.0,1.0,0
ChurchFarm,1374.0,2251.0,5790.0,1465.0,471.0,4718.0,2330.0,3775.0,1075.0,1064.0,63.0,350.0,234.0,121.0,736.0,103.0,331.0,90.0,247.0,246.0,164.0,343.0,27.0,354.0,157.0,43.0,98.0,57.0,30.0,153.0,92.0,55.0,60.0,84.0,70.0,12.0,20.0,44.0,0.0,0.0,0.0,8.0,5.0,190.0,12.0,0.0,40.0,26.0,7.0,42.0,6.0,20.0,12.0,19.0,14.0,6.0,12.0,0.0,0.0,4.0,6.0,0.0,0.0,0.0,0.0,0.0,0.0,0.0,0.0,0.0,0.0,11.0,0.0,0.0,0.0,0.0,5.0,0.0,0.0,0.0,0.0,2.0,0.0,0.0,2.0,0.0,0.0,0.0,0.0,0.0,0.0,0.0,0.0,0.0,0.0,0.0,0.0,0.0,0.0,0.0,0.0,0.0,0.0,0.0,0.0,0.0,0.0,0.0,0.0,0.0,0.0,0.0,0.0,0.0,0.0,0.0,0.0,0.0,0.0,0.0,0.0,0.0,0.0,0.0,0.0,0.0,0.0,0.0,0.0,0.0,0.0,0.0,2012,9,SU0979864321,51.377859; -1.8606121,seed_mix,8.63,20.7,1.0,1.0,1.0,0
StowellFarms_1_adj,426.0,11231.0,7153.0,1254.0,27.0,6329.0,432.0,3111.0,594.0,368.0,75.0,172.0,58.0,200.0,759.0,11.0,40.0,0.0,0.0,529.0,0.0,29.0,34.0,2131.0,7.0,0.0,192.0,0.0,30.0,481.0,128.0,0.0,95.0,8.0,53.0,6.0,0.0,143.0,0.0,0.0,0.0,0.0,0.0,1531.0,0.0,43.0,0.0,0.0,0.0,0.0,19.0,22.0,0.0,29.0,0.0,0.0,21.0,0.0,0.0,9.0,0.0,26.0,0.0,0.0,0.0,0.0,4.0,15.0,0.0,0.0,0.0,0.0,0.0,0.0,0.0,10.0,0.0,0.0,4.0,0.0,0.0,0.0,10.0,10.0,22.0,0.0,0.0,0.0,0.0,0.0,0.0,7.0,0.0,9.0,0.0,0.0,0.0,0.0,0.0,0.0,4.0,0.0,0.0,0.0,0.0,0.0,0.0,0.0,0.0,0.0,0.0,0.0,0.0,0.0,0.0,0.0,0.0,0.0,0.0,0.0,0.0,0.0,0.0,0.0,0.0,0.0,0.0,0.0,0.0,0.0,0.0,0.0,2015,6,SU1362464180,51.376513; -1.8056466,seed_mix,6.6,21.8,1.0,1.0,1.0,1
MannorFmAltonBarnes,645.0,536.0,2922.0,549.0,446.0,2677.0,1687.0,2873.0,517.0,815.0,70.0,189.0,59.0,15.0,376.0,43.0,469.0,55.0,111.0,226.0,124.0,151.0,64.0,145.0,92.0,26.0,52.0,0.0,12.0,43.0,18.0,0.0,55.0,20.0,21.0,14.0,18.0,0.0,0.0,0.0,0.0,0.0,6.0,0.0,0.0,0.0,24.0,22.0,0.0,2.0,0.0,0.0,18.0,44.0,0.0,0.0,0.0,0.0,0.0,0.0,3.0,0.0,10.0,0.0,0.0,3.0,0.0,0.0,0.0,0.0,0.0,0.0,0.0,0.0,0.0,0.0,0.0,0.0,0.0,0.0,0.0,0.0,0.0,0.0,0.0,0.0,0.0,0.0,0.0,0.0,0.0,0.0,0.0,0.0,0.0,0.0,0.0,0.0,0.0,0.0,0.0,0.0,0.0,0.0,0.0,0.0,0.0,0.0,0.0,0.0,0.0,0.0,0.0,0.0,0.0,0.0,0.0,0.0,0.0,0.0,0.0,0.0,0.0,0.0,0.0,0.0,0.0,0.0,0.0,0.0,0.0,0.0,2012,9,SU1211561331,51.35093; -1.827423,seed_mix,8.07,21.6,1.0,1.0,1.0,0
HommingtonFarm,726.0,1969.0,3618.0,734.0,300.0,3159.0,1805.0,4394.0,804.0,995.0,81.0,149.0,151.0,117.0,479.0,46.0,115.0,101.0,295.0,126.0,96.0,142.0,39.0,192.0,121.0,0.0,31.0,39.0,0.0,41.0,0.0,0.0,30.0,50.0,28.0,6.0,4.0,0.0,8.0,5.0,0.0,0.0,0.0,0.0,7.0,0.0,11.0,5.0,3.0,0.0,9.0,3.0,0.0,18.0,7.0,0.0,0.0,0.0,0.0,0.0,0.0,0.0,4.0,0.0,0.0,0.0,0.0,0.0,0.0,0.0,0.0,0.0,0.0,0.0,0.0,0.0,0.0,0.0,0.0,0.0,0.0,0.0,0.0,0.0,0.0,0.0,0.0,0.0,0.0,0.0,0.0,0.0,0.0,0.0,0.0,0.0,0.0,0.0,0.0,0.0,0.0,0.0,0.0,0.0,0.0,0.0,0.0,0.0,0.0,0.0,0.0,0.0,0.0,0.0,0.0,0.0,0.0,0.0,0.0,0.0,0.0,0.0,0.0,0.0,0.0,0.0,0.0,0.0,0.0,0.0,0.0,0.0,2014,7,SU1332825982,51.033048; -1.811306,seed_mix,8.22,26.3,1.0,1.0,1.0,1
ThropeManor_1,379.0,2907.0,1422.0,269.0,192.0,2359.0,521.0,1683.0,184.0,213.0,46.0,308.0,22.0,169.0,316.0,13.0,62.0,13.0,71.0,62.0,53.0,66.0,7.0,74.0,24.0,0.0,157.0,0.0,0.0,55.0,67.0,0.0,4.0,9.0,16.0,0.0,0.0,11.0,0.0,0.0,0.0,21.0,0.0,23.0,0.0,10.0,0.0,0.0,0.0,0.0,0.0,10.0,16.0,0.0,0.0,0.0,0.0,8.0,0.0,0.0,0.0,0.0,0.0,0.0,0.0,0.0,0.0,0.0,0.0,0.0,0.0,0.0,0.0,0.0,0.0,0.0,0.0,0.0,0.0,0.0,0.0,0.0,0.0,0.0,0.0,0.0,0.0,0.0,0.0,0.0,0.0,0.0,0.0,0.0,0.0,0.0,0.0,0.0,0.0,0.0,0.0,0.0,0.0,0.0,0.0,0.0,0.0,0.0,0.0,0.0,0.0,0.0,0.0,0.0,0.0,0.0,0.0,0.0,0.0,0.0,0.0,0.0,0.0,0.0,0.0,0.0,0.0,0.0,0.0,0.0,0.0,0.0,2002,19,SU0886123850,51.013962; -1.8750607,seed_mix,7.54,78.1,1.0,0.0,1.0,0
ThropeManor_2,1642.0,1750.0,2221.0,300.0,154.0,2062.0,813.0,1937.0,186.0,416.0,74.0,129.0,31.0,134.0,346.0,24.0,66.0,18.0,40.0,14.0,25.0,73.0,9.0,54.0,27.0,0.0,14.0,5.0,0.0,4.0,7.0,14.0,21.0,5.0,0.0,0.0,5.0,0.0,0.0,0.0,0.0,0.0,0.0,0.0,0.0,6.0,0.0,0.0,0.0,0.0,0.0,0.0,0.0,0.0,0.0,0.0,0.0,0.0,0.0,0.0,0.0,0.0,0.0,0.0,0.0,0.0,0.0,0.0,0.0,0.0,0.0,0.0,0.0,0.0,0.0,0.0,0.0,0.0,0.0,0.0,0.0,0.0,0.0,0.0,0.0,0.0,0.0,0.0,0.0,0.0,0.0,0.0,0.0,0.0,0.0,0.0,0.0,0.0,0.0,0.0,0.0,0.0,0.0,0.0,0.0,0.0,0.0,0.0,0.0,0.0,0.0,0.0,0.0,0.0,0.0,0.0,0.0,0.0,0.0,0.0,0.0,0.0,0.0,0.0,0.0,0.0,0.0,0.0,0.0,0.0,0.0,0.0,1998,23,SU0843924348,51.018447; -1.8810649,seed_mix,7.73,28.8,1.0,0.0,1.0,1
ThropeManor_3,667.0,1302.0,2310.0,397.0,267.0,2279.0,1377.0,2792.0,420.0,601.0,54.0,80.0,43.0,33.0,340.0,32.0,88.0,77.0,109.0,80.0,5.0,164.0,25.0,65.0,67.0,6.0,17.0,26.0,10.0,14.0,18.0,0.0,12.0,10.0,0.0,0.0,0.0,0.0,0.0,5.0,0.0,0.0,8.0,0.0,0.0,7.0,0.0,0.0,0.0,0.0,0.0,0.0,0.0,0.0,0.0,0.0,0.0,0.0,0.0,0.0,0.0,0.0,0.0,0.0,0.0,0.0,0.0,0.0,0.0,0.0,0.0,0.0,0.0,0.0,0.0,0.0,0.0,0.0,0.0,0.0,0.0,0.0,0.0,0.0,0.0,0.0,0.0,0.0,0.0,0.0,0.0,0.0,0.0,0.0,0.0,0.0,0.0,0.0,0.0,0.0,0.0,0.0,0.0,0.0,0.0,0.0,0.0,0.0,0.0,0.0,0.0,0.0,0.0,0.0,0.0,0.0,0.0,0.0,0.0,0.0,0.0,0.0,0.0,0.0,0.0,0.0,0.0,0.0,0.0,0.0,0.0,0.0,2000,21,SU0901525189,51.026001; -1.8728325,seed_mix,8.13,28.5,1.0,0.0,1.0,0
MannorFmBroadChalke,422.0,1379.0,2135.0,446.0,146.0,2042.0,1761.0,1655.0,357.0,592.0,89.0,185.0,70.0,119.0,367.0,44.0,125.0,11.0,142.0,67.0,71.0,162.0,14.0,50.0,45.0,25.0,33.0,27.0,18.0,38.0,14.0,0.0,30.0,23.0,16.0,0.0,6.0,0.0,0.0,0.0,0.0,0.0,0.0,0.0,2.0,0.0,7.0,7.0,0.0,0.0,0.0,0.0,0.0,3.0,0.0,0.0,5.0,0.0,0.0,0.0,0.0,0.0,0.0,0.0,0.0,0.0,0.0,0.0,0.0,0.0,0.0,0.0,0.0,0.0,0.0,0.0,0.0,0.0,0.0,0.0,0.0,0.0,0.0,0.0,0.0,0.0,0.0,0.0,0.0,0.0,0.0,0.0,0.0,0.0,0.0,0.0,0.0,0.0,0.0,0.0,0.0,0.0,0.0,0.0,0.0,0.0,0.0,0.0,0.0,0.0,0.0,0.0,0.0,0.0,0.0,0.0,0.0,0.0,0.0,0.0,0.0,0.0,0.0,0.0,0.0,0.0,0.0,0.0,0.0,0.0,0.0,0.0,2010,11,SU0468023121,51.007455; -1.9346701,Green_hay/bush,8.24,24.3,0.0,0.0,1.0,0
BigleyFm_1,1253.0,1991.0,3585.0,656.0,109.0,1642.0,914.0,1266.0,370.0,348.0,74.0,158.0,25.0,241.0,282.0,18.0,51.0,60.0,64.0,57.0,37.0,139.0,8.0,126.0,11.0,0.0,16.0,0.0,7.0,2.0,21.0,6.0,5.0,21.0,0.0,0.0,0.0,0.0,0.0,0.0,8.0,0.0,8.0,0.0,0.0,0.0,0.0,6.0,0.0,0.0,0.0,0.0,0.0,0.0,0.0,0.0,0.0,0.0,0.0,0.0,0.0,0.0,0.0,0.0,0.0,0.0,0.0,0.0,0.0,0.0,0.0,0.0,0.0,0.0,0.0,0.0,0.0,0.0,0.0,0.0,0.0,0.0,0.0,0.0,0.0,0.0,0.0,0.0,0.0,0.0,0.0,0.0,0.0,0.0,0.0,0.0,0.0,0.0,0.0,0.0,0.0,0.0,0.0,0.0,0.0,0.0,0.0,0.0,0.0,0.0,0.0,0.0,0.0,0.0,0.0,0.0,0.0,0.0,0.0,0.0,0.0,0.0,0.0,0.0,0.0,0.0,0.0,0.0,0.0,0.0,0.0,0.0,2014,7,ST9798720966,50.988091; -2.0300532,seed_mix,8.1,31.3,1.0,1.0,1.0,1
BigleyFm_2,2377.0,1921.0,1865.0,340.0,136.0,1518.0,1085.0,1466.0,415.0,414.0,93.0,128.0,40.0,132.0,224.0,26.0,63.0,40.0,44.0,59.0,38.0,77.0,30.0,30.0,19.0,0.0,27.0,0.0,14.0,10.0,33.0,33.0,18.0,18.0,0.0,0.0,9.0,0.0,0.0,0.0,6.0,0.0,0.0,0.0,0.0,0.0,0.0,0.0,0.0,8.0,0.0,0.0,0.0,0.0,0.0,0.0,0.0,0.0,0.0,0.0,0.0,0.0,0.0,0.0,0.0,0.0,0.0,0.0,0.0,0.0,0.0,0.0,0.0,0.0,0.0,0.0,0.0,0.0,0.0,0.0,0.0,0.0,0.0,0.0,0.0,0.0,0.0,0.0,0.0,0.0,0.0,0.0,0.0,0.0,0.0,0.0,0.0,0.0,0.0,0.0,0.0,0.0,0.0,0.0,0.0,0.0,0.0,0.0,0.0,0.0,0.0,0.0,0.0,0.0,0.0,0.0,0.0,0.0,0.0,0.0,0.0,0.0,0.0,0.0,0.0,0.0,0.0,0.0,0.0,0.0,0.0,0.0,2017,4,ST9796821801,50.9956; -2.0303288,seed_mix,7.35,46.8,1.0,1.0,1.0,1
NorringtonMannorFm_1,578.0,932.0,2425.0,397.0,177.0,2228.0,1443.0,1770.0,416.0,704.0,77.0,143.0,39.0,166.0,352.0,45.0,67.0,59.0,93.0,66.0,55.0,176.0,31.0,16.0,26.0,0.0,15.0,31.0,19.0,17.0,10.0,0.0,0.0,0.0,0.0,0.0,0.0,0.0,8.0,8.0,0.0,0.0,0.0,0.0,0.0,0.0,5.0,0.0,0.0,0.0,0.0,0.0,0.0,0.0,0.0,0.0,0.0,0.0,0.0,0.0,0.0,0.0,0.0,0.0,0.0,0.0,0.0,0.0,0.0,0.0,0.0,0.0,0.0,0.0,0.0,0.0,0.0,0.0,0.0,0.0,0.0,0.0,0.0,0.0,0.0,0.0,0.0,0.0,0.0,0.0,0.0,0.0,0.0,0.0,0.0,0.0,0.0,0.0,0.0,0.0,0.0,0.0,0.0,0.0,0.0,0.0,0.0,0.0,0.0,0.0,0.0,0.0,0.0,0.0,0.0,0.0,0.0,0.0,0.0,0.0,0.0,0.0,0.0,0.0,0.0,0.0,0.0,0.0,0.0,0.0,0.0,0.0,2009,12,ST9689721419,50.99216; -2.0455866,seed_mix,7.83,33.5,0.0,0.0,1.0,1
NorringtonMannorFm_2,749.0,729.0,2726.0,582.0,143.0,2479.0,1727.0,1934.0,530.0,654.0,89.0,117.0,102.0,64.0,335.0,36.0,84.0,42.0,102.0,122.0,40.0,108.0,20.0,64.0,33.0,33.0,31.0,17.0,7.0,20.0,10.0,0.0,37.0,10.0,8.0,0.0,3.0,0.0,0.0,9.0,6.0,0.0,5.0,0.0,0.0,5.0,0.0,0.0,0.0,0.0,0.0,0.0,0.0,0.0,0.0,0.0,0.0,0.0,0.0,0.0,0.0,0.0,0.0,0.0,0.0,0.0,3.0,0.0,0.0,0.0,0.0,0.0,0.0,0.0,0.0,0.0,0.0,0.0,0.0,0.0,0.0,0.0,0.0,0.0,0.0,0.0,0.0,0.0,0.0,0.0,0.0,0.0,0.0,0.0,0.0,0.0,0.0,0.0,0.0,0.0,0.0,0.0,0.0,0.0,0.0,0.0,0.0,0.0,0.0,0.0,0.0,0.0,0.0,0.0,0.0,0.0,0.0,0.0,0.0,0.0,0.0,0.0,0.0,0.0,0.0,0.0,0.0,0.0,0.0,0.0,0.0,0.0,2009,12,ST9699420390,50.982907; -2.0441957,seed_mix,8.2,28.5,0.0,0.0,1.0,0
ManorFmBerwickStJohn_1,566.0,2670.0,1676.0,405.0,214.0,2603.0,822.0,1468.0,262.0,301.0,117.0,360.0,34.0,145.0,331.0,31.0,104.0,11.0,55.0,71.0,95.0,87.0,0.0,65.0,27.0,0.0,234.0,2.0,10.0,34.0,24.0,0.0,9.0,22.0,21.0,0.0,0.0,4.0,0.0,0.0,6.0,8.0,0.0,17.0,0.0,0.0,0.0,0.0,0.0,5.0,8.0,0.0,10.0,0.0,0.0,0.0,0.0,0.0,0.0,0.0,0.0,0.0,0.0,0.0,0.0,0.0,0.0,0.0,0.0,0.0,0.0,0.0,0.0,0.0,0.0,0.0,0.0,0.0,0.0,0.0,0.0,0.0,0.0,0.0,0.0,0.0,0.0,0.0,0.0,0.0,0.0,0.0,0.0,0.0,0.0,0.0,0.0,0.0,0.0,0.0,0.0,0.0,0.0,0.0,0.0,0.0,0.0,0.0,0.0,0.0,0.0,0.0,0.0,0.0,0.0,0.0,0.0,0.0,0.0,0.0,0.0,0.0,0.0,0.0,0.0,0.0,0.0,0.0,0.0,0.0,0.0,0.0,2014,7,ST9468023123,51.007466; -2.0772007,seed_mix,7.47,17.83,1.0,1.0,1.0,0
ManorFmBerwickStJohn_3,366.0,2462.0,2441.0,473.0,152.0,1893.0,1274.0,1844.0,315.0,534.0,99.0,221.0,71.0,188.0,355.0,31.0,46.0,23.0,60.0,29.0,12.0,111.0,21.0,56.0,8.0,0.0,23.0,5.0,17.0,28.0,62.0,0.0,25.0,0.0,0.0,0.0,5.0,0.0,0.0,0.0,11.0,0.0,0.0,0.0,3.0,0.0,0.0,0.0,0.0,0.0,0.0,0.0,0.0,0.0,0.0,0.0,0.0,0.0,0.0,0.0,0.0,0.0,0.0,0.0,0.0,0.0,0.0,0.0,0.0,0.0,0.0,0.0,0.0,0.0,0.0,0.0,0.0,0.0,0.0,0.0,0.0,0.0,0.0,0.0,0.0,0.0,0.0,0.0,0.0,0.0,0.0,0.0,0.0,0.0,0.0,0.0,0.0,0.0,0.0,0.0,0.0,0.0,0.0,0.0,0.0,0.0,0.0,0.0,0.0,0.0,0.0,0.0,0.0,0.0,0.0,0.0,0.0,0.0,0.0,0.0,0.0,0.0,0.0,0.0,0.0,0.0,0.0,0.0,0.0,0.0,0.0,0.0,2018,3,ST9422022841,51.004926; -2.0837525,seed_mix,8.36,23.0,1.0,1.0,1.0,0
Jemma_1,522.0,735.0,2723.0,498.0,290.0,2150.0,1863.0,2205.0,552.0,824.0,87.0,260.0,55.0,224.0,376.0,40.0,68.0,46.0,146.0,104.0,61.0,151.0,21.0,37.0,39.0,0.0,40.0,42.0,24.0,9.0,16.0,0.0,16.0,9.0,0.0,21.0,3.0,0.0,0.0,8.0,0.0,0.0,0.0,0.0,0.0,0.0,0.0,0.0,0.0,0.0,0.0,0.0,0.0,0.0,0.0,0.0,0.0,0.0,0.0,0.0,0.0,0.0,0.0,0.0,0.0,0.0,0.0,0.0,0.0,0.0,0.0,0.0,0.0,0.0,0.0,0.0,0.0,0.0,0.0,0.0,0.0,0.0,0.0,0.0,0.0,0.0,0.0,0.0,0.0,0.0,0.0,0.0,0.0,0.0,0.0,0.0,0.0,0.0,0.0,0.0,0.0,0.0,0.0,0.0,0.0,0.0,0.0,0.0,0.0,0.0,0.0,0.0,0.0,0.0,0.0,0.0,0.0,0.0,0.0,0.0,0.0,0.0,0.0,0.0,0.0,0.0,0.0,0.0,0.0,0.0,0.0,0.0,2010,11,SU1405276456,51.486882; -1.7990143,Green_hay/bush,8.31,33.5,1.0,1.0,1.0,0
Jemma_2,651.0,1354.0,3027.0,823.0,229.0,2117.0,1667.0,1911.0,637.0,671.0,69.0,129.0,70.0,154.0,337.0,73.0,65.0,95.0,220.0,93.0,36.0,206.0,26.0,48.0,56.0,0.0,26.0,39.0,16.0,37.0,7.0,4.0,22.0,8.0,8.0,16.0,0.0,0.0,7.0,0.0,11.0,0.0,6.0,0.0,0.0,0.0,45.0,6.0,2.0,0.0,3.0,8.0,7.0,0.0,6.0,0.0,0.0,0.0,0.0,0.0,0.0,0.0,0.0,0.0,0.0,0.0,0.0,0.0,0.0,0.0,0.0,0.0,0.0,0.0,0.0,0.0,0.0,0.0,0.0,0.0,0.0,0.0,0.0,0.0,0.0,0.0,0.0,0.0,0.0,0.0,0.0,0.0,0.0,0.0,0.0,0.0,0.0,0.0,0.0,0.0,0.0,0.0,0.0,0.0,0.0,0.0,0.0,0.0,0.0,0.0,0.0,0.0,0.0,0.0,0.0,0.0,0.0,0.0,0.0,0.0,0.0,0.0,0.0,0.0,0.0,0.0,0.0,0.0,0.0,0.0,0.0,0.0,2008,13,SU1194873670,51.46188; -1.8294093,Natural_regen,7.96,104.2,0.0,1.0,0.0,0
Jemma_7,734.0,1671.0,3162.0,709.0,186.0,2159.0,1586.0,2669.0,613.0,912.0,57.0,263.0,90.0,168.0,368.0,50.0,59.0,79.0,213.0,125.0,63.0,217.0,44.0,41.0,19.0,41.0,20.0,41.0,12.0,37.0,26.0,0.0,27.0,41.0,19.0,16.0,2.0,0.0,15.0,14.0,7.0,0.0,4.0,0.0,0.0,0.0,13.0,0.0,0.0,0.0,0.0,5.0,0.0,7.0,0.0,0.0,0.0,0.0,0.0,0.0,0.0,2.0,0.0,6.0,0.0,0.0,0.0,0.0,0.0,0.0,0.0,0.0,0.0,0.0,0.0,0.0,0.0,0.0,0.0,0.0,0.0,0.0,0.0,0.0,0.0,0.0,0.0,0.0,0.0,0.0,0.0,0.0,0.0,0.0,0.0,0.0,0.0,0.0,0.0,0.0,0.0,0.0,0.0,0.0,0.0,0.0,0.0,0.0,0.0,0.0,0.0,0.0,0.0,0.0,0.0,0.0,0.0,0.0,0.0,0.0,0.0,0.0,0.0,0.0,0.0,0.0,0.0,0.0,0.0,0.0,0.0,0.0,2014,7,SU1641473039,51.456096; -1.7651546,Green_hay/bush,7.95,106.1,0.0,0.0,1.0,1
Jemma_4,349.0,987.0,1844.0,356.0,196.0,1347.0,1144.0,1481.0,283.0,557.0,117.0,187.0,62.0,179.0,296.0,35.0,32.0,0.0,72.0,41.0,43.0,127.0,19.0,93.0,24.0,27.0,24.0,0.0,16.0,17.0,8.0,0.0,0.0,0.0,12.0,0.0,0.0,7.0,0.0,0.0,16.0,0.0,0.0,6.0,0.0,8.0,4.0,0.0,4.0,6.0,0.0,0.0,0.0,0.0,0.0,0.0,0.0,0.0,0.0,0.0,0.0,0.0,0.0,0.0,0.0,0.0,0.0,0.0,0.0,0.0,0.0,0.0,0.0,0.0,0.0,0.0,0.0,0.0,0.0,0.0,0.0,0.0,0.0,0.0,0.0,0.0,0.0,0.0,0.0,0.0,0.0,0.0,0.0,0.0,0.0,0.0,0.0,0.0,0.0,0.0,0.0,0.0,0.0,0.0,0.0,0.0,0.0,0.0,0.0,0.0,0.0,0.0,0.0,0.0,0.0,0.0,0.0,0.0,0.0,0.0,0.0,0.0,0.0,0.0,0.0,0.0,0.0,0.0,0.0,0.0,0.0,0.0,2015,6,SU1261971802,51.44507; -1.8198169,Green_hay/bush,7.31,145.8,1.0,1.0,1.0,0
Jemma_5,1420.0,1928.0,3068.0,977.0,186.0,2208.0,1589.0,3151.0,880.0,1036.0,36.0,309.0,169.0,38.0,432.0,54.0,83.0,133.0,378.0,237.0,140.0,241.0,20.0,102.0,115.0,19.0,17.0,53.0,23.0,33.0,5.0,35.0,15.0,74.0,52.0,24.0,0.0,0.0,15.0,18.0,9.0,0.0,0.0,0.0,2.0,0.0,74.0,4.0,0.0,0.0,4.0,0.0,7.0,11.0,7.0,6.0,0.0,0.0,0.0,0.0,1.0,0.0,3.0,0.0,0.0,0.0,0.0,0.0,0.0,0.0,0.0,0.0,0.0,0.0,0.0,0.0,0.0,0.0,0.0,0.0,0.0,0.0,0.0,0.0,0.0,0.0,0.0,0.0,0.0,0.0,0.0,0.0,0.0,0.0,0.0,0.0,0.0,0.0,0.0,0.0,0.0,0.0,0.0,0.0,0.0,0.0,0.0,0.0,0.0,0.0,0.0,0.0,0.0,0.0,0.0,0.0,0.0,0.0,0.0,0.0,0.0,0.0,0.0,0.0,0.0,0.0,0.0,0.0,0.0,0.0,0.0,0.0,2015,6,SU1538172691,51.452995; -1.7800368,seed_mix,8.2,77.7,1.0,0.0,1.0,0
Jemma_6,1040.0,1325.0,2753.0,791.0,189.0,2097.0,1578.0,3292.0,769.0,944.0,59.0,189.0,155.0,185.0,431.0,69.0,78.0,124.0,433.0,269.0,122.0,247.0,43.0,118.0,149.0,0.0,9.0,36.0,17.0,24.0,0.0,0.0,5.0,48.0,21.0,7.0,5.0,0.0,13.0,13.0,7.0,2.0,0.0,0.0,0.0,0.0,71.0,9.0,25.0,11.0,5.0,7.0,6.0,20.0,12.0,0.0,0.0,0.0,0.0,0.0,0.0,0.0,0.0,12.0,0.0,0.0,0.0,0.0,9.0,0.0,0.0,0.0,0.0,0.0,0.0,0.0,0.0,0.0,0.0,0.0,0.0,0.0,0.0,0.0,0.0,0.0,0.0,0.0,0.0,0.0,0.0,0.0,0.0,0.0,0.0,0.0,0.0,0.0,0.0,0.0,0.0,0.0,0.0,0.0,0.0,0.0,0.0,0.0,0.0,0.0,0.0,0.0,0.0,0.0,0.0,0.0,0.0,0.0,0.0,0.0,0.0,0.0,0.0,0.0,0.0,0.0,0.0,0.0,0.0,0.0,0.0,0.0,2013,8,SU1560872573,51.451928; -1.7767752,seed_mix,8.54,66.9,1.0,0.0,1.0,0
Jemma_9,602.0,1553.0,2973.0,648.0,156.0,1769.0,1711.0,2096.0,311.0,622.0,97.0,144.0,92.0,93.0,309.0,39.0,38.0,56.0,185.0,70.0,41.0,222.0,27.0,88.0,53.0,0.0,15.0,21.0,19.0,12.0,0.0,0.0,17.0,4.0,19.0,0.0,6.0,1.0,0.0,6.0,0.0,0.0,0.0,9.0,0.0,0.0,24.0,0.0,0.0,0.0,0.0,0.0,0.0,0.0,0.0,0.0,0.0,0.0,0.0,0.0,0.0,0.0,0.0,0.0,0.0,0.0,0.0,0.0,0.0,0.0,0.0,0.0,0.0,0.0,0.0,0.0,0.0,0.0,0.0,0.0,0.0,0.0,0.0,0.0,0.0,0.0,0.0,0.0,0.0,0.0,0.0,0.0,0.0,0.0,0.0,0.0,0.0,0.0,0.0,0.0,0.0,0.0,0.0,0.0,0.0,0.0,0.0,0.0,0.0,0.0,0.0,0.0,0.0,0.0,0.0,0.0,0.0,0.0,0.0,0.0,0.0,0.0,0.0,0.0,0.0,0.0,0.0,0.0,0.0,0.0,0.0,0.0,2015,6,SU1669072674,51.452806; -1.7611995,seed_mix,8.22,104.9,1.0,0.0,1.0,0
HomeFarm_WoodlandTrust_Hampshire_good_1c,882.0,802.0,2743.0,422.0,35.0,2497.0,416.0,1781.0,281.0,289.0,91.0,185.0,2.0,622.0,572.0,18.0,0.0,20.0,21.0,116.0,26.0,159.0,25.0,401.0,0.0,0.0,169.0,12.0,13.0,227.0,7.0,0.0,52.0,11.0,96.0,0.0,11.0,263.0,0.0,0.0,7.0,0.0,0.0,446.0,25.0,0.0,0.0,0.0,0.0,0.0,0.0,0.0,0.0,10.0,0.0,0.0,0.0,0.0,0.0,0.0,0.0,0.0,0.0,0.0,0.0,0.0,0.0,0.0,0.0,0.0,0.0,0.0,0.0,0.0,0.0,0.0,0.0,0.0,0.0,0.0,0.0,0.0,0.0,0.0,0.0,0.0,0.0,0.0,0.0,0.0,0.0,7.0,0.0,0.0,0.0,0.0,0.0,0.0,0.0,0.0,0.0,0.0,0.0,0.0,0.0,0.0,0.0,0.0,0.0,0.0,0.0,0.0,0.0,0.0,0.0,0.0,0.0,0.0,0.0,0.0,0.0,0.0,0.0,0.0,0.0,0.0,0.0,0.0,0.0,0.0,0.0,0.0,1994,27,SU6579941829,51.171925; -1.0602025,seed_mix,6.62,28.4,0.0,1.0,0.0,0
Crux_easton_70b1,1094.0,2769.0,4661.0,896.0,347.0,2915.0,1396.0,3408.0,967.0,1530.0,49.0,110.0,291.0,114.0,678.0,44.0,59.0,132.0,282.0,145.0,53.0,348.0,14.0,68.0,102.0,19.0,12.0,50.0,0.0,39.0,33.0,33.0,22.0,72.0,49.0,0.0,0.0,13.0,19.0,0.0,14.0,0.0,4.0,5.0,12.0,0.0,0.0,5.0,3.0,14.0,0.0,7.0,13.0,8.0,3.0,0.0,0.0,6.0,0.0,0.0,4.0,0.0,0.0,0.0,0.0,0.0,0.0,0.0,0.0,0.0,0.0,0.0,0.0,0.0,13.0,0.0,0.0,0.0,0.0,0.0,0.0,0.0,0.0,0.0,0.0,0.0,0.0,0.0,0.0,0.0,0.0,0.0,0.0,0.0,0.0,0.0,0.0,0.0,0.0,0.0,0.0,0.0,0.0,0.0,0.0,0.0,0.0,0.0,0.0,0.0,0.0,0.0,0.0,0.0,0.0,0.0,0.0,0.0,0.0,0.0,0.0,0.0,0.0,0.0,0.0,0.0,0.0,0.0,0.0,0.0,0.0,0.0,2000,21,SU4192556251,51.303843; -1.3999827,seed_mix,7.78,80.7,0.0,0.0,1.0,1
Crux_easton_70b2,876.0,1584.0,3213.0,631.0,320.0,2141.0,1513.0,2897.0,721.0,841.0,40.0,147.0,88.0,399.0,368.0,35.0,130.0,102.0,195.0,125.0,41.0,234.0,37.0,106.0,111.0,17.0,12.0,10.0,8.0,25.0,17.0,5.0,20.0,80.0,40.0,14.0,4.0,0.0,19.0,8.0,0.0,4.0,0.0,0.0,6.0,0.0,0.0,8.0,9.0,8.0,4.0,3.0,10.0,12.0,2.0,7.0,1.0,0.0,0.0,0.0,2.0,0.0,0.0,2.0,0.0,0.0,1.0,0.0,0.0,0.0,0.0,0.0,0.0,0.0,0.0,0.0,0.0,0.0,3.0,0.0,0.0,0.0,0.0,0.0,0.0,0.0,0.0,0.0,0.0,0.0,0.0,0.0,0.0,0.0,0.0,0.0,0.0,0.0,0.0,0.0,0.0,0.0,0.0,0.0,0.0,0.0,0.0,0.0,0.0,0.0,0.0,0.0,0.0,0.0,0.0,0.0,0.0,0.0,0.0,0.0,0.0,0.0,0.0,0.0,0.0,0.0,0.0,0.0,0.0,0.0,0.0,0.0,2002,19,SU4195056550,51.306529; -1.399589,seed_mix,8.4,76.3,1.0,0.0,1.0,0
Martin_Down_arabel_reversion,365.0,904.0,2264.0,365.0,151.0,1817.0,931.0,1497.0,259.0,355.0,59.0,121.0,96.0,778.0,126.0,17.0,65.0,11.0,50.0,44.0,46.0,128.0,28.0,115.0,23.0,50.0,10.0,4.0,9.0,15.0,0.0,0.0,22.0,56.0,0.0,14.0,1.0,0.0,0.0,0.0,5.0,39.0,0.0,0.0,0.0,0.0,0.0,0.0,0.0,0.0,0.0,0.0,0.0,4.0,0.0,0.0,0.0,0.0,0.0,0.0,0.0,0.0,0.0,0.0,0.0,0.0,0.0,0.0,0.0,0.0,0.0,0.0,0.0,0.0,0.0,0.0,0.0,0.0,0.0,0.0,0.0,0.0,0.0,0.0,0.0,0.0,0.0,0.0,0.0,0.0,0.0,0.0,0.0,0.0,0.0,0.0,0.0,0.0,0.0,0.0,0.0,0.0,0.0,0.0,0.0,0.0,0.0,0.0,0.0,0.0,0.0,0.0,0.0,0.0,0.0,0.0,0.0,0.0,0.0,0.0,0.0,0.0,0.0,0.0,0.0,0.0,0.0,0.0,0.0,0.0,0.0,0.0,1957,64,SU0390520162,50.980853; -1.9457471,Natural_regen,8.23,115.8,0.0,0.0,1.0,1
Parsonage_down_reversion,747.0,772.0,2878.0,455.0,87.0,1532.0,1088.0,2040.0,516.0,490.0,42.0,119.0,45.0,825.0,155.0,21.0,40.0,40.0,145.0,55.0,46.0,172.0,28.0,98.0,29.0,0.0,8.0,11.0,0.0,0.0,9.0,0.0,27.0,14.0,0.0,14.0,0.0,0.0,4.0,0.0,0.0,40.0,0.0,0.0,0.0,0.0,0.0,0.0,0.0,0.0,0.0,0.0,0.0,4.0,0.0,0.0,0.0,0.0,0.0,0.0,20.0,0.0,0.0,0.0,0.0,0.0,0.0,0.0,0.0,0.0,0.0,0.0,0.0,0.0,0.0,0.0,0.0,0.0,0.0,0.0,0.0,0.0,0.0,0.0,0.0,0.0,0.0,0.0,0.0,0.0,0.0,0.0,0.0,0.0,0.0,0.0,0.0,0.0,0.0,0.0,0.0,0.0,0.0,0.0,0.0,0.0,0.0,0.0,0.0,0.0,0.0,0.0,0.0,0.0,0.0,0.0,0.0,0.0,0.0,0.0,0.0,0.0,0.0,0.0,0.0,0.0,0.0,0.0,0.0,0.0,0.0,0.0,1945,76,SU0610341686,51.174381; -1.9140803,Natural_regen,8.12,89.8,0.0,1.0,0.0,1
TARGET_MartinDown,471.0,629.0,2852.0,427.0,118.0,1442.0,612.0,1618.0,424.0,380.0,51.0,126.0,58.0,798.0,106.0,12.0,24.0,22.0,64.0,57.0,30.0,113.0,21.0,93.0,22.0,64.0,9.0,5.0,0.0,2.0,0.0,0.0,0.0,52.0,0.0,21.0,0.0,0.0,0.0,0.0,3.0,5.0,0.0,0.0,3.0,0.0,0.0,0.0,0.0,0.0,0.0,0.0,0.0,0.0,0.0,0.0,0.0,0.0,0.0,0.0,0.0,0.0,0.0,0.0,0.0,0.0,0.0,0.0,0.0,0.0,0.0,0.0,0.0,0.0,0.0,0.0,0.0,0.0,0.0,0.0,0.0,0.0,0.0,0.0,0.0,0.0,0.0,0.0,0.0,0.0,0.0,0.0,0.0,0.0,0.0,0.0,0.0,0.0,0.0,0.0,0.0,0.0,0.0,0.0,0.0,0.0,0.0,0.0,0.0,0.0,0.0,0.0,0.0,0.0,0.0,0.0,0.0,0.0,0.0,0.0,0.0,0.0,0.0,0.0,0.0,0.0,0.0,0.0,0.0,0.0,0.0,0.0,old,>100,SU0558918665,50.967378; -1.9217813,Natural_regen,8.05,104.9,0.0,0.0,1.0,NA
TARGET_St_Catherines,510.0,723.0,4680.0,571.0,74.0,1664.0,782.0,1984.0,520.0,597.0,38.0,91.0,64.0,562.0,87.0,29.0,52.0,18.0,34.0,29.0,35.0,106.0,34.0,436.0,32.0,54.0,0.0,9.0,0.0,22.0,0.0,13.0,29.0,153.0,0.0,0.0,6.0,0.0,0.0,0.0,8.0,0.0,4.0,0.0,0.0,0.0,6.0,0.0,0.0,0.0,0.0,0.0,0.0,0.0,0.0,0.0,0.0,0.0,0.0,0.0,0.0,0.0,0.0,0.0,0.0,0.0,0.0,0.0,0.0,0.0,0.0,0.0,0.0,0.0,0.0,0.0,0.0,0.0,0.0,0.0,0.0,0.0,0.0,0.0,0.0,0.0,0.0,0.0,0.0,0.0,0.0,0.0,0.0,0.0,0.0,0.0,0.0,0.0,0.0,0.0,0.0,0.0,0.0,0.0,0.0,0.0,0.0,0.0,0.0,0.0,0.0,0.0,0.0,0.0,0.0,0.0,0.0,0.0,0.0,0.0,0.0,0.0,0.0,0.0,0.0,0.0,0.0,0.0,0.0,0.0,0.0,0.0,old,>100,SU4832527522,51.045025; -1.3120365,Natural_regen,7.95,184.8,0.0,0.0,1.0,NA
TARGET_ParsonageDown,717.0,1794.0,3191.0,614.0,77.0,1280.0,909.0,1836.0,500.0,509.0,54.0,39.0,80.0,1022.0,148.0,58.0,48.0,6.0,104.0,67.0,0.0,158.0,26.0,202.0,35.0,57.0,0.0,0.0,0.0,16.0,17.0,0.0,45.0,74.0,25.0,22.0,5.0,0.0,0.0,0.0,13.0,5.0,0.0,0.0,0.0,0.0,10.0,0.0,0.0,0.0,3.0,0.0,0.0,6.0,0.0,0.0,0.0,0.0,0.0,0.0,0.0,0.0,0.0,0.0,0.0,0.0,0.0,0.0,0.0,0.0,0.0,0.0,0.0,0.0,0.0,0.0,0.0,0.0,0.0,2.0,0.0,0.0,0.0,0.0,0.0,0.0,0.0,0.0,0.0,0.0,4.0,0.0,0.0,0.0,0.0,0.0,0.0,0.0,0.0,0.0,0.0,0.0,0.0,0.0,0.0,0.0,0.0,0.0,0.0,0.0,0.0,0.0,0.0,0.0,0.0,0.0,0.0,0.0,0.0,0.0,0.0,0.0,0.0,0.0,0.0,0.0,0.0,0.0,0.0,0.0,0.0,0.0,old,>100,SU0552141345,51.17132; -1.9224106,Natural_regen,8.06,112.3,0.0,0.0,1.0,NA
TARGET_KNEPP_A New_Barn_Field,492.0,1129.0,1630.0,454.0,68.0,1277.0,367.0,1360.0,82.0,162.0,70.0,255.0,11.0,559.0,374.0,16.0,18.0,0.0,62.0,95.0,92.0,204.0,2.0,160.0,8.0,0.0,75.0,0.0,14.0,67.0,18.0,0.0,33.0,43.0,9.0,0.0,6.0,40.0,0.0,0.0,0.0,0.0,0.0,134.0,0.0,12.0,33.0,0.0,12.0,0.0,9.0,16.0,0.0,0.0,0.0,0.0,0.0,0.0,0.0,0.0,0.0,0.0,0.0,0.0,5.0,0.0,0.0,0.0,0.0,0.0,0.0,0.0,0.0,0.0,0.0,0.0,0.0,0.0,0.0,0.0,0.0,0.0,0.0,0.0,0.0,0.0,0.0,0.0,0.0,0.0,0.0,0.0,0.0,0.0,0.0,0.0,0.0,0.0,0.0,0.0,0.0,0.0,0.0,0.0,0.0,0.0,0.0,0.0,0.0,0.0,0.0,0.0,0.0,0.0,0.0,0.0,0.0,0.0,0.0,0.0,0.0,0.0,0.0,0.0,0.0,0.0,0.0,0.0,0.0,0.0,0.0,0.0,2006,15,TQ1420019600,50.964513; -0.3751305,Natural_regen,6.72,48.7,0.0,1.0,0.0,NA
Knepp_Pond_field,96.0,2737.0,2740.0,240.0,0.0,1727.0,191.0,1397.0,47.0,179.0,64.0,90.0,20.0,1416.0,158.0,0.0,0.0,0.0,12.0,44.0,0.0,83.0,42.0,831.0,0.0,0.0,30.0,0.0,0.0,126.0,23.0,0.0,21.0,0.0,11.0,0.0,0.0,299.0,0.0,0.0,0.0,2.0,0.0,387.0,0.0,0.0,0.0,0.0,0.0,0.0,0.0,0.0,0.0,4.0,0.0,0.0,0.0,0.0,0.0,0.0,0.0,3.0,0.0,0.0,0.0,0.0,0.0,0.0,0.0,0.0,0.0,0.0,0.0,0.0,0.0,0.0,0.0,0.0,0.0,0.0,0.0,0.0,0.0,0.0,0.0,0.0,0.0,0.0,0.0,0.0,0.0,0.0,0.0,0.0,0.0,0.0,0.0,0.0,0.0,0.0,0.0,0.0,0.0,0.0,0.0,0.0,0.0,0.0,0.0,0.0,0.0,0.0,0.0,0.0,0.0,0.0,0.0,0.0,0.0,0.0,0.0,0.0,0.0,0.0,0.0,0.0,0.0,0.0,0.0,0.0,0.0,0.0,2003,18,TQ1410019300,50.961836; -0.3766479,Natural_regen,6.62,23.5,0.0,1.0,0.0,NA
Knepp_Benton_field,515.0,1285.0,1815.0,381.0,38.0,1373.0,444.0,1613.0,57.0,193.0,121.0,356.0,0.0,1023.0,349.0,6.0,53.0,0.0,65.0,136.0,88.0,235.0,3.0,521.0,0.0,0.0,71.0,0.0,0.0,147.0,76.0,0.0,45.0,66.0,31.0,0.0,4.0,11.0,0.0,0.0,0.0,21.0,0.0,116.0,0.0,11.0,36.0,5.0,62.0,31.0,0.0,0.0,37.0,0.0,0.0,0.0,0.0,0.0,0.0,0.0,0.0,0.0,0.0,0.0,11.0,0.0,0.0,0.0,0.0,0.0,0.0,5.0,0.0,0.0,0.0,0.0,0.0,0.0,0.0,0.0,0.0,0.0,2.0,10.0,0.0,0.0,0.0,0.0,0.0,0.0,0.0,6.0,0.0,0.0,0.0,0.0,0.0,0.0,0.0,0.0,0.0,0.0,0.0,0.0,0.0,0.0,0.0,0.0,0.0,0.0,0.0,0.0,0.0,0.0,0.0,0.0,0.0,0.0,0.0,0.0,0.0,0.0,0.0,0.0,0.0,0.0,0.0,0.0,0.0,0.0,0.0,0.0,2005,16,TQ1450019800,50.966251; -0.37079737,Natural_regen,6.52,27.6,0.0,1.0,0.0,NA
