Percentile	0.0	25.0	50.0	75.0	100.0	0.0	25.0	50.0	75.0	100.0
Group	no	no	no	no	no	yes	yes	yes	yes	yes
1CMET2-PWY	6662.534759520694	9628.991909223976	17410.723386953396	23862.054988810487	27102.71478365709	6981.316907351017	9744.850512106299	13152.912260232508	20540.955112717915	28407.315284212906
3-HYDROXYPHENYLACETATE-DEGRADATION-PWY	576.3226512808692	897.4134024604205	1754.2338534366468	2178.750595685241	5116.450436819428	557.7727132429958	1242.7531069637314	1613.6510761908146	2154.564966461616	3692.973350911397
AEROBACTINSYN-PWY	1.0	14.221128387568335	56.04958509638618	80.09200205072221	107.20903222636458	1.0	15.255725091581231	36.05626716108151	56.38810020574114	118.5146360322545
ALL-CHORISMATE-PWY	491.71854202690116	2307.2469059729337	5424.141204459062	7612.154274296424	9212.235151751658	1953.9360731942104	2948.4257970242797	3996.255874894599	6491.402022397375	8096.916816886341
ANAEROFRUCAT-PWY	8410.366322349586	11513.104155333926	22672.19843485549	31901.038922894408	36397.0856296011	9197.740416397568	12522.537666440821	17363.468880658234	27005.194927738015	36304.08701185147
ANAGLYCOLYSIS-PWY	10191.96944004269	14696.643303970672	27125.387241213713	38669.26981544982	42808.18464554274	10967.61080460933	15496.399365070618	20636.076310046807	31666.513302234973	46568.276968184866
ARG+POLYAMINE-SYN	3250.135627968447	5107.88861676206	10043.103251114397	12924.358479106488	16730.666096827088	3958.9564910304216	6019.87456133926	7513.187519087112	10816.113317290978	20022.65084377447
ARGORNPROST-PWY	1455.4994993995338	2330.3762458048277	4773.546691580772	6860.869374871286	8333.634715328488	1800.06903709932	2809.8194587590933	3806.605214111755	6307.395219597542	8502.208296383937
ARGSYN-PWY	9190.419721675657	13200.91154507751	24611.72849789878	35394.928322521984	39015.00869224725	9990.470516587056	13962.511122854905	18560.38137514209	28710.821312117245	42882.8347846211
ARGSYNBSUB-PWY	9915.66286041475	14358.465150326234	26608.592132955484	38443.33638652906	42384.172037305776	10846.873321632545	15171.989073613393	20097.376287848565	30991.862747754534	46916.65681654342
ARO-PWY	9623.0541531633	14194.443794896779	25730.865917904463	36427.99774960745	40768.41606946282	10333.1686728603	14594.335029302929	19424.02990902611	30182.946217707766	44925.839379198136
ASPASN-PWY	713.710651529822	1605.8139977470955	3014.4069536118623	4127.663410369878	5874.0944261469585	1167.8758209894554	1850.2556661073697	2637.2927397863805	4047.7490115887704	8815.04913878659
AST-PWY	1.0	52.85189774332704	116.3486505194869	166.9369766259458	349.51942270956016	16.83714430894309	41.05324810270077	64.07974799139183	108.370544005677	210.23321880866362
BIOTIN-BIOSYNTHESIS-PWY	2117.7700775751237	4962.510900538915	9674.430781955107	11812.053299129246	18198.46482311936	3476.280757030464	5292.882060418775	7402.144400934118	10175.530901326463	14900.824212078953
BRANCHED-CHAIN-AA-SYN-PWY	13893.917044124097	21099.834495770192	38799.51175392086	55490.146925697554	63356.0387826457	15581.667917865814	22401.133212159144	29588.653974658504	45713.4668325449	68759.5736342039
CALVIN-PWY	10424.816961782743	14907.313220108881	27599.217320681622	39245.48863442548	43715.21972716109	11192.718120345464	15605.392602050884	20883.76923803547	32158.410688959324	47315.60790324054
CATECHOL-ORTHO-CLEAVAGE-PWY	370.2351139614663	681.026294074684	1313.7958461904386	1696.081839084014	3326.7102166292143	442.3850139310288	857.6416895508107	1132.1392897316368	1562.2725587486514	2426.9484729011415
CENTBENZCOA-PWY	1.0	1.0	1.0	1.0	17.698591549295774	1.0	1.0	1.0	1.0	8.98753894080997
CENTFERM-PWY	974.2017063883111	1651.1686023824054	2662.413762102122	3519.6017737091065	5726.117989793405	1126.2965705046477	2014.8384646157383	2636.3475779911214	3324.808140922984	11084.87567614589
CHLOROPHYLL-SYN	1.0	1.8634289432572881	35.93077641946428	96.81989317995873	476.2263728476732	1.0	1.0	33.8559913959603	56.55223894133616	177.19661014334918
COA-PWY	8823.647908541183	12908.465768294276	23977.76271600155	34135.79961845108	38060.245630495294	9626.243737948267	13555.055245795795	18171.927687673684	27876.402557947247	41746.06449891514
COBALSYN-PWY	4805.875755286295	7260.685509485125	12328.475923185179	17663.19612234262	19991.073594587255	4892.528526245554	7647.7535737166645	10189.464172070653	15286.545703234993	23027.877960081067
CODH-PWY	366.0016174672961	626.8535156486304	1379.0246777522996	2063.430049613864	3138.1803477702006	464.98716552785305	669.7557041331733	1120.9045818427746	1732.9691669724357	3630.8576159091754
COLANSYN-PWY	6517.22908561333	10512.984378739453	18164.56057430902	26094.080243728175	30885.01910019396	7254.496663617904	10516.603066235251	13907.777121445804	21537.758819983577	34237.57499421159
COMPLETE-ARO-PWY	10171.210988410787	14938.896046319367	27183.0048854034	38486.195798945424	43114.13360318277	10919.376748886209	15425.220178594194	20534.22933464057	31802.008295633048	47403.92832081344
CRNFORCAT-PWY	1.0	117.78561484913901	278.5049312483526	429.04825368447473	923.0036308352837	99.45899945339598	163.8402302680551	223.37010538826388	445.76108986943314	1014.3703061311027
DAPLYSINESYN-PWY	9169.443225478752	13738.162560981234	25007.511319113204	35472.77407429287	39332.692956825835	10074.95826575862	14349.230585247778	18938.207092675068	29498.61421188709	43638.27909825167
DENITRIFICATION-PWY	137.11733833278723	247.16092338608124	465.7896705023802	657.9337544495518	1184.872405574315	98.7524798959194	212.86471598161893	395.16048235987785	535.8999104868309	1088.936800476934
DENOVOPURINE2-PWY	3671.498787819138	6192.507494361718	10888.7472503463	13470.086398474508	18786.794758591313	4429.230860086815	6899.679453236421	8632.335791821375	12309.642296807811	26641.401805272857
DTDPRHAMSYN-PWY	9451.419797794939	13694.565196819522	25397.80375353351	36293.80952033622	40214.33399688396	10247.465008231577	14208.76311136721	19376.21667497941	29875.667286790813	44100.738439821725
ENTBACSYN-PWY	207.23481017533595	775.2032944694594	1301.2340500363507	2239.243704860637	5115.935561923042	458.51660688921436	670.1806196245166	1059.7156600541375	2015.735647969937	4588.30285679885
FAO-PWY	11679.273915095298	17728.303807434153	33704.555346849986	47943.16356933006	53951.67340864537	13171.954603486927	18818.770733515234	26252.749923798277	39187.13911653914	59067.32604557921
FASYN-ELONG-PWY	12004.551735399347	18347.582408776874	30191.080679033777	42727.195049582064	53507.75353378407	12327.637193739967	17252.159702487093	22857.130785126836	36096.85438405789	56122.925811911344
FASYN-INITIAL-PWY	4014.475423291581	7615.034951068714	14858.827638009046	18301.55432792737	25128.89668312928	4586.272205659781	8234.194712063521	10973.841857174759	16083.555371143411	23770.31962256754
FERMENTATION-PWY	4148.975470203277	7421.298133075043	11128.221792304554	13850.93052102254	18260.852199168126	3869.4341128108786	7054.032469058309	8435.840369717207	13355.801191644088	23149.87727169872
FOLSYN-PWY	7201.947841018948	10222.21757947035	18683.262578169823	25779.76862172543	29768.29443282958	7571.281797227185	10668.944772732308	14213.456717394823	21933.83276322825	31277.798196331325
FUC-RHAMCAT-PWY	1.0	5.333552355360266	78.98382156072024	120.25839353177216	247.2267576844781	1.0	20.975317581954855	56.63724295063888	109.54041002900544	359.7262592957981
FUCCAT-PWY	1.0	20.85963810997703	50.776660986371056	90.77326521921293	184.12143751167162	1.0	14.943407038403791	36.38407832760851	70.34606696260637	241.22964649006667
GALACT-GLUCUROCAT-PWY	952.5189553363077	1725.5650298632397	3883.591009871713	5017.845550874644	6747.416743717941	1577.1761213656505	2033.2364431820606	2501.810819625308	4170.958463541365	5702.540734696484
GALACTARDEG-PWY	288.62863981362386	453.44503200507944	866.3976542815624	1045.8725465871546	1446.4899951175987	218.38513510010125	432.4381103876509	599.5240845270988	1098.9419182476363	2190.427693237489
GALACTUROCAT-PWY	2160.9349310134708	2993.8310614285983	6048.830173856035	7671.837851625957	9593.797127626813	2421.6500561808857	3477.3941568162836	4480.769374190286	6513.741519290926	12962.176595113799
GALLATE-DEGRADATION-I-PWY	60.893361428006315	309.87628711394837	564.3719635936384	748.1497143110499	3340.3367258680046	137.7527660534504	283.915699887624	461.72610006206105	664.1224491387853	1761.4953842414554
GALLATE-DEGRADATION-II-PWY	20.775622240319038	126.23525552989452	307.7562797495241	422.89823158829853	2607.074768482939	80.73703033791006	147.1495415085248	239.92099385351804	362.47452850660295	1306.345464173688
GLCMANNANAUT-PWY	230.4488171784919	504.23141865299004	745.7528233888607	1045.4133028848905	1569.8858070492604	213.94840445775367	409.56508405676664	591.8042792737474	1085.7906488671647	5328.927267211263
GLUCARDEG-PWY	391.20554211724505	601.5835043942418	1097.4287516735044	1399.3625131475785	2042.5954763558925	332.4376793865088	549.0723048891286	801.2027722449839	1504.840651858568	2407.5995924499534
GLUCARGALACTSUPER-PWY	288.62863981362386	453.44503200507944	866.3976542815624	1045.8725465871546	1446.4899951175987	218.38513510010125	432.4381103876509	599.5240845270988	1098.9419182476363	2190.427693237489
GLUCONEO-PWY	8870.78357618042	13012.749949116602	24065.436473577207	33615.503283601254	37929.78841298211	9594.985768737495	13824.581562172585	18282.271603048757	28153.016306977595	41103.25273425416
GLUCOSE1PMETAB-PWY	218.94260697944213	923.2657601468364	1609.5326807257334	1886.8997877417764	7275.744786998973	396.85528521077686	1044.6933001013163	1397.6928868937387	1783.0423739412959	2395.5054503791457
GLUCUROCAT-PWY	1884.4719044174878	2593.168926111853	5139.210796923733	7019.725891547323	8621.581234912164	2272.4879907431723	3132.984290954876	4051.63354293232	5731.506618408372	8683.727164543752
GLUTORN-PWY	9311.386825438829	13762.74973655702	25092.16826298116	35745.56882573104	40363.192581610914	10224.798255867137	14158.679882619714	19143.11557495765	29259.96484926289	44189.938791594184
GLYCOCAT-PWY	6015.493760735239	8845.799341704978	15777.982030422463	21971.524625720875	25277.3266430236	6167.536687552617	8611.721063457431	11554.000050848077	18372.798353552804	29595.264521307767
GLYCOGENSYNTH-PWY	6965.1688554587	9421.833924665245	17090.304892453198	23410.958959962816	27503.55739393173	6767.869845437524	9685.127706038576	12677.561194348746	20059.916536078905	30167.328419175454
GLYCOL-GLYOXDEG-PWY	1.0	23.177227421709354	37.84053224082421	48.50762528265623	137.09966758592773	1.0	22.167012162150534	41.924653732654605	65.15266897243681	150.5998712671112
GLYCOLYSIS	9743.979116849836	13781.88498751376	25557.12513810821	35783.621202938666	41244.956558076236	10419.028850853207	14944.69999841076	19518.043010054156	29756.052245480267	43339.46177646936
GLYCOLYSIS-E-D	8027.222656759928	11115.60164947813	21784.44783613048	30943.963740666553	34975.67549861298	8823.173706627123	11963.736535755015	16616.233248365075	25983.27088042441	35209.5283357659
GLYCOLYSIS-TCA-GLYOX-BYPASS	6867.116094730026	10248.964978604383	18408.302832160345	25737.390742287876	29080.545366831815	7487.9935039969	10704.299679989925	13921.418766709143	21893.4905220998	33321.842563481005
GLYOXYLATE-BYPASS	5801.143553014659	8906.627889324414	14777.95911338233	20474.64891409874	23218.454025558945	5799.333244549954	8811.474680567037	10878.487576556407	17886.82752525639	29018.273032156703
GOLPDLCAT-PWY	1.0	53.37766187896079	76.32296443744283	136.5888350888866	275.75792069127624	8.601668344111282	52.94734280626949	91.92900408688229	201.28187808090564	619.9318059438207
HCAMHPDEG-PWY	481.93942523993144	1048.1260581762592	1325.639252687709	1637.088049164878	2235.097731818833	393.0303402244369	881.5183140371022	1201.6607248092541	1466.3922286156462	4532.2833024354495
HEME-BIOSYNTHESIS-II	4693.106075123273	7299.2296749410725	13286.297386228413	19132.772229356553	22934.049478608293	5663.742623862248	8233.561102659769	10130.126120445966	15795.241208679487	26091.36757800067
HEMESYN2-PWY	7221.571488528313	11348.938335901996	21200.970731235146	29855.984534466843	34733.25358806005	8485.158193686557	12136.013686984992	16142.543282929331	24913.45477085681	38024.433784073706
HEXITOLDEGSUPER-PWY	1775.6350584239362	3476.9518546788913	5350.828910076907	7560.537154991247	11216.30797377649	2477.8459937504454	3762.1761304712218	5104.677003549932	6756.017388886691	16158.348725578822
HISDEG-PWY	4521.961002486039	7471.397753185388	14577.94983103362	20278.17643689567	22930.560109265793	5807.45808037307	8149.812432642148	10738.17442636034	17254.11511862695	22904.184126087872
HISTSYN-PWY	8989.71543634731	13169.693787680942	24438.33955487385	34768.71038949812	38758.05444396828	9913.412116140207	13838.962146669357	18657.420855716635	28391.531431993433	42420.04166359966
HOMOSER-METSYN-PWY	5411.56804773304	9772.092782118832	17936.2679593203	25118.978543442252	29186.627940568647	6917.870566774482	10530.97299312997	13266.542836323548	21054.915461758486	31328.102784595583
HSERMETANA-PWY	7471.079398616872	12027.309147525199	21534.38907301427	30375.97727947207	33937.558721965725	8806.315360996196	12655.66247123267	17047.83344183136	25568.154184258907	37503.00745058756
ILEUSYN-PWY	16216.010996478299	25657.735196411664	45402.99528336557	65210.46629798649	77059.88000613649	18364.180347060657	26807.90834395526	35372.92851243876	55390.89273863769	83025.56334421369
KDO-NAGLIPASYN-PWY	1.0	1.0	91.8940696904435	141.62897394696603	525.8841997323455	1.0	1.0	28.892043828846553	126.32710960968348	401.72892279885514
KETOGLUCONMET-PWY	315.98290354134747	569.623681425151	1115.144751680069	1292.9799739635555	2013.4937627262166	357.36286943998954	685.906579593149	1013.1515842999386	1246.2538926813509	2280.445868593965
LEU-DEG2-PWY	4106.340030215791	6991.888610123706	12824.147770409432	17617.69547206189	21482.311989997066	4555.139552921437	7312.2512573627055	9505.325596053977	15589.06262079903	23661.012088795404
LIPASYN-PWY	1.0	3.476537334129345	51.4265578185144	80.72075351557312	166.19415232271024	1.0	5.966819102105376	18.775474266627377	54.858006531803156	102.35628604627398
MET-SAM-PWY	7150.511360964854	11347.922582410862	21164.309975902557	29943.1181318538	33934.310224829846	8392.363627863206	12158.21954457213	15772.310397933594	24636.385131774947	36454.169847363584
METH-ACETATE-PWY	51.28548241809957	105.4972056902455	168.29917988615324	230.05182036393097	577.3104736340491	1.0	135.12577527012826	209.39294063706086	348.4820636142975	762.9393495623332
METHANOGENESIS-PWY	1.0	1.0	1.0	24.629320048888736	120.43976677348039	1.0	1.0	1.0	14.413603070945541	110.07354986552431
METHGLYUT-PWY	1.0	1.0	1.0	1.0	2174.79148737822	1.0	1.0	1.0	5.765480180216658	143.26184309546426
METHYLGALLATE-DEGRADATION-PWY	75.77543180991704	384.42255179915753	700.4740475350559	927.4339372765238	3845.8001635559003	171.13141570441775	352.6473612391456	572.2312043576719	824.9922473425588	2101.986510288099
NAD-BIOSYNTHESIS-II	470.23721119510253	643.4878893716109	1173.5869242331041	1364.665139994589	4234.001438953712	382.8830958304813	772.7913651665226	937.8448791423148	1400.7310047597834	3692.949558650416
NADSYN-PWY	518.4204009916782	1056.6944401528672	2549.383262807597	3103.302577428184	4767.288686329289	559.96762269146	1134.9523102743344	1864.0725107163948	2458.1490333176666	4623.676829825208
NAGLIPASYN-PWY	4065.7718984008534	6702.026991639205	10064.150670987774	13885.888076470646	22975.208524978807	3106.068223271179	6035.011717362667	7744.7586049376105	12033.67792736871	20678.98032205202
NONMEVIPP-PWY	8672.862113259996	12456.408403296211	22264.692494362367	31782.514210495334	35246.16826501592	9045.09900759386	12865.866395768906	16903.459364372313	26302.349362736364	39138.26225069628
NONOXIPENT-PWY	13075.579636722441	18364.150673480643	33710.172830473406	48474.18369221859	53806.45369792397	13823.460135394866	19157.731582440487	25671.65987518255	39165.013618632656	57200.56697858434
OANTIGEN-PWY	9273.260578513322	13618.966068281323	24920.80170445682	35734.127532036175	39609.48993566843	10110.361047072589	14165.617802456563	19053.666610379907	29241.857445701113	43253.77778390108
P101-PWY	545.1765481145487	1085.9501122426884	1978.8616016352476	2602.489269925651	3479.244945647363	731.6600362892366	1166.934737736568	1529.4042479294073	2553.0452314489607	4491.42085313011
P105-PWY	9319.716211313622	14167.304892082548	25053.284683061334	35265.25592913948	39592.57724520358	10222.788016914596	14598.638619841051	19030.58078791948	29910.762259508418	45463.827462167756
P108-PWY	10331.722424026415	15277.231742640677	28711.090746969036	41551.33135556735	45991.61440499986	11716.097639127982	16356.38173507627	21600.912515893106	33544.17692347538	50018.80825944784
P122-PWY	3307.5186141672943	4620.969713571258	8650.12412692801	11691.19884309135	13787.23027433787	3226.5885819934433	5443.6975437122865	6823.114029548869	9850.620492465954	13878.930561540596
P124-PWY	5516.638471413674	7604.655465952157	14305.568354607894	20499.120478795092	25466.58424377738	5963.0276951424785	8328.654476906635	11024.135605227098	17945.530251333115	24938.7489740064
P125-PWY	1158.9560547800238	1999.6250459874757	3351.236130030928	4574.068701340864	5833.686283239851	1270.2783614208126	2560.3623284357845	3113.3840383037154	3982.387677604858	7350.593284858048
P161-PWY	4912.8816974498495	7013.798625275992	12041.693130912778	16751.85234585697	22575.374677864907	5330.572076531911	7817.124847507993	9455.501026724238	13768.51405697972	25645.309711047
P162-PWY	1.0	1.0	1.0	22.42765858253284	122.01882353872674	1.0	1.0	1.0	28.937190401708595	257.036664068569
P163-PWY	234.38105009491832	866.2291355587172	1810.3345582381696	2660.085656764183	3525.730846417212	599.8879161205214	961.8028055022539	1514.9535420458144	2217.8482736712285	4634.881637020956
P164-PWY	1.0	7759.124073987281	14101.761050998783	20998.808041706227	25114.109770247833	4935.564619543533	7685.1216183752595	10884.594707712278	16872.295936544597	26603.715522121904
P184-PWY	46.87550226985575	287.542882276205	554.3431946630283	725.4641617076932	3683.8020334863763	125.34996194376	278.90376417766987	446.7562221793296	598.7063221294171	1878.617606175159
P221-PWY	567.8114029762465	1847.8207858816907	2739.012684124632	3499.1055093302875	4749.452260915314	1028.8482132225417	1725.985615957633	2070.7903378387828	3258.309597349506	7900.100012999218
P23-PWY	8109.415891673101	12577.733291725426	23963.25682614041	34714.89179853696	39825.740518536375	9417.316129600262	12914.379334527841	18170.41981340504	27571.451021189365	43306.50470610499
P241-PWY	1.0	9.650664483821265	18.906624410434226	29.97754999000801	50.43652887845679	2.7459016393442623	7.797380497016714	15.419481486470918	23.242161015175025	43.20328000722379
P261-PWY	42.1952894202786	412.3400119749582	693.2340029582278	999.9901289450274	1286.0723660790197	206.61320441997805	412.97880270468534	600.5207764009988	880.0271560518252	1041.4342328018736
P281-PWY	880.9368954850125	1367.1956273878043	2755.58394164931	3400.127447456649	4167.054339333327	956.0841888773505	1570.6217526039172	2187.999902790218	3215.3147475467495	7459.592700259511
P341-PWY	1.0	1.0	1.0	17.86959464793401	73.4172157394614	1.0	1.0	1.0	25.983597611668163	65.91406263224346
P381-PWY	1901.1168982475199	2586.9635846008505	4526.312148580353	6414.228390453283	8470.118313884926	2067.4229674365583	3133.73168906822	3753.4956674151217	5518.569876463534	11681.07811779517
P4-PWY	7549.261344660862	11722.946465647467	21664.92898583487	30281.320472556254	33760.140314362885	8557.11576563496	12210.773348205246	16377.577274323461	25643.43396434196	37694.93241352799
P42-PWY	6440.041012614369	10212.332014574537	20042.24212794052	29832.017833913193	36967.11782240067	7725.153543698446	10637.338108491256	15121.670733473948	23564.967572201724	40544.63463285786
P441-PWY	707.2172980498858	1372.0989462145544	2152.936269565313	2935.791355697897	4043.647362800353	656.1210228746859	1218.7732586157654	1738.983700599982	2997.961627166979	12253.846286545171
P461-PWY	497.59954021333186	1160.475872340036	1980.8711600818838	2909.8839061393082	4700.453843632543	813.7298318590148	1553.253150543805	2154.5949392823522	2451.317064926011	9416.247572617582
P562-PWY	1364.157071038374	2253.291176746224	4601.533408271829	6192.157021095486	8191.735149280166	1769.6201301900912	3046.1394334360893	3600.2405916614607	5269.964597239769	10262.080514129751
P621-PWY	335.6015538290788	493.30599357575613	1026.0850608942724	1236.0489808481004	1427.7228949394555	370.39334637964777	533.1387509747576	719.4584410940397	1265.4349741633018	2480.708544532947
PANTO-PWY	9329.47076343258	13319.154348423195	23375.914171057902	33365.0545348751	37053.86574665685	9650.620740648023	13813.461588333827	18561.711089359233	28036.00696293092	42271.58548216641
PANTOSYN-PWY	8970.815494835848	12917.38205606736	23266.156674327118	33084.520552927315	36792.28571931921	9472.223060883349	13340.92345120204	17943.185524045184	27522.14934368518	41125.70803188355
PENTOSE-P-PWY	10043.023119087891	14247.648271172338	25807.577061117998	37191.996706006204	41338.485432141475	10687.318733468484	14627.935692794752	19629.766796148913	30488.198555780687	43452.44679561641
PEPTIDOGLYCANSYN-PWY	9104.720236722307	13244.582041509046	24945.99279493987	35611.11690913579	39396.39774156402	10075.717749448633	14234.721974375918	18957.042384348235	29064.43781374366	43025.07774591876
PHOSLIPSYN-PWY	11550.717778787111	16880.06595509252	31627.99981548934	45094.35853551031	49869.73289747802	12692.542158178003	18053.406931658254	23995.21179034218	36644.85580626601	56061.08328171178
POLYAMINSYN3-PWY	1761.7583022910642	2537.7044596531537	4562.545279083994	6001.0541928529565	7409.1338325277575	1844.304871934182	2517.193809098506	3311.0691616062086	5266.527172516477	8374.679274276816
POLYAMSYN-PWY	1919.2691073015553	3186.968886903765	6321.172541576459	7969.206240956351	10690.822128452186	2475.973599751166	3853.5839498298105	4671.3239772334555	6841.275427724021	13727.383824987794
POLYISOPRENSYN-PWY	8155.745041058726	12359.063407750225	22527.306838204204	31951.638308526057	37276.87637273681	8910.50124612681	12246.48531961301	16979.5572398753	26008.08709866681	39434.7161806171
PPGPPMET-PWY	1497.9588558415803	2078.6052326989247	4424.876706805097	5660.639301558855	8112.690204501556	1931.6380536111114	2295.743459330645	3419.512283811503	5534.032423598373	8167.187525648751
PROTOCATECHUATE-ORTHO-CLEAVAGE-PWY	6026.943771956939	8569.30149191177	15469.537849419434	21491.58960486186	25083.76558834298	6137.425409452149	8648.106254502609	12264.37701673693	18784.774278602163	27025.81604046587
PRPP-PWY	3871.553481466767	6019.910364158855	10767.248280992022	13720.971588996737	18117.35241400927	4487.159237205045	6672.562754255198	8392.208021536315	12042.336620547867	25313.698668237525
PWY-1269	4071.678349329356	6667.4850679709325	11400.439936316721	15880.586500080468	24360.805642063002	3391.4729547201564	6568.688264767918	8518.589749445826	12892.690472425076	22384.150414979416
PWY-1361	1.0	51.1804793910174	96.01203915385238	132.9067384969962	252.70711103174003	1.0	11.035899135285392	71.2071555373025	109.71163945861827	169.3631338245986
PWY-1501	254.85721190314447	390.52362144113886	750.2779311886288	965.279802867408	1137.6930179749402	260.0711343230068	414.47296371061935	503.96275376809785	907.670962598216	1316.7063534779395
PWY-1541	1.0	165.70564825899714	464.82218904272173	774.3212102016746	1020.5619070501373	44.601279578727286	163.56751903598962	344.95366840986003	586.2408772720711	1182.0963378402323
PWY-1622	804.6970805150297	1722.7649629694565	4028.3585894974312	4490.894702120335	7830.451717281255	1434.6378085630765	1896.6857188793354	2943.266003695944	4227.278569962613	5552.058250433306
PWY-181	1568.5411471313796	5241.007491752161	9712.615825916953	12674.032554226345	18474.295745856944	3599.3151249190537	5161.675990870927	7870.537435950224	11165.403372793535	16605.553576183876
PWY-1861	2842.4449659754855	5011.47546318099	8052.4170486748935	10635.311262576939	16942.49921709098	3158.8481493732843	6082.653520482559	7977.987668130401	9411.164357566262	30561.847239010334
PWY-1882	5.981737121848951	193.7357178270982	324.22654089576463	406.6068664002557	888.1551318884044	1.0	144.17009030362274	222.46912126283283	334.4151784021245	501.65257323178656
PWY-2221	45.88422280287016	779.901496990763	1284.5911147058641	1771.8485986633348	2488.7578614699237	171.44636293996373	859.1187573048785	1010.8680750137908	1593.6987937366462	2226.33420740609
PWY-2941	1952.2784883067404	3282.8183138832724	5525.5607747628355	7377.690967927791	12394.352255765878	1854.510137485423	4599.337701345063	5446.540443196982	6819.7606554407685	22912.336768445886
PWY-2942	11085.36067326858	16103.605678173395	29293.653728471036	41447.26433302122	46121.9427381261	11775.859642485739	16822.352266151654	22205.38904713466	34221.916307350184	52518.660159891006
PWY-3001	11132.366505516587	16349.210524161479	29700.99466338303	42330.960753719846	46763.09637483852	12111.515187101717	17057.86384717034	22601.05975819609	34817.01511070779	51208.041204649424
PWY-3661	1.0	1136.8981699728063	2962.6571534958384	3968.0368240312064	5403.777264701546	443.5324092887285	1170.3335703799908	1942.0367424157646	3115.430290669799	4710.248191194329
PWY-3781	29115.31376092085	42878.89736720016	77989.58304558008	110932.9627960083	123913.77483830707	31608.980130450644	44025.59571834363	59036.596685757744	91673.85919612396	136204.15461062224
PWY-3801	1.0	90.2350279000301	296.54471016569596	485.3314118809682	848.6346611001986	1.0	71.87045608051722	230.48431917922784	344.31125743995915	1176.9948389330523
PWY-3941	116.93412506559216	170.01530641902204	286.21449222401725	398.72529462918743	531.6258719993476	110.03536859692562	158.03190356726117	207.7581980979424	413.68841952322197	804.5895568167771
PWY-4361	510.7329419351856	694.1535323489416	1293.5667579646956	1749.4873346854213	2931.2712166202623	506.55054895127023	1073.404305912608	1344.4829057367826	1854.978658679482	5205.382833075047
PWY-4984	5355.091862165342	8194.746037264627	15612.600652331002	22379.19833834428	26110.599607595097	6371.648571064368	9002.850381236582	11780.497541963243	18098.415489679785	28251.02832795462
PWY-5005	1.0	48.81527607445794	72.8474043209886	129.96413868906205	313.928271863642	1.0	55.80625773794745	134.33217923816449	267.4687545825036	538.2139641085337
PWY-5022	4594.057275182657	6877.943125766099	11849.595459482507	16686.006829383194	19625.479766416254	5030.322540181656	7138.138487917042	8783.084849858393	14368.638706303956	23177.355420138454
PWY-5028	1147.077832265644	3144.959395379284	5035.351651528024	6447.527625261161	9678.435025066039	1116.8140443280734	3492.3287763992703	4020.038559318627	5106.022885698	10198.220417723907
PWY-5088	1.0	54.66034105994876	129.7826759349763	316.5863958114469	462.6748924032195	1.0	55.136977607379784	109.98930636612835	222.3275715533986	423.9005916417618
PWY-5097	10341.645338838534	15203.407086930625	27662.506109785954	39309.404256628564	43620.85173621556	11146.022776718135	15902.272383320149	21028.75709962962	32339.488459993816	49711.2974641344
PWY-5100	3583.0487863807775	5311.834989205676	9232.206408165786	13669.2680633956	16122.740365427971	3929.743723816034	5521.113894576439	6995.948263670862	11128.567426805605	17553.03434794901
PWY-5101	16639.957565629295	25619.725114293386	46121.06421701994	65999.38430473593	77217.59812586792	18622.569662433383	26915.35694168606	35625.17615350512	55599.85648579423	83436.57157085877
PWY-5103	12298.116804691266	18485.80094321188	33963.840382125105	48489.16353358478	54741.26158605674	13669.660995382184	19572.865729498004	25857.050401994667	39869.77284601541	59641.58418323325
PWY-5104	5586.285193943907	9646.77561125709	18401.089152621287	27491.306412608425	36034.54483382536	6183.864097069133	9589.178640836613	13607.449766272519	19751.227297636553	38944.68393524562
PWY-5121	8849.450997374812	12690.872103987604	22717.269050425788	32545.224511032877	36150.148103562315	9218.592030975886	13145.688743558861	17186.751436502946	26894.84863996518	40128.65299726365
PWY-5154	7713.430069225445	12375.548577289583	23038.29670511867	33095.12527173191	37423.23520622847	9147.164770597816	13111.875253765162	17408.427958032524	27289.853321827766	40132.22514039352
PWY-5177	1.0	1.0	1.0	11.74711984685938	62.87933295723282	1.0	1.0	1.0	14.998248973344491	130.84885962882979
PWY-5178	521.4629255222674	740.9985898452902	1450.8579740120886	1610.3931216374326	2430.735937716211	521.8119732218325	867.0597270519419	1095.2899151120416	1678.835145610954	4283.9075986133585
PWY-5180	2325.764381079652	4074.983181056041	6746.376633748613	9106.423198166402	10764.45337469687	2420.391616873026	4284.091753088462	5200.411187403954	8114.568341481196	14052.50085073155
PWY-5181	1326.0789234475683	2080.796065840414	3881.7224092967444	4740.29337708187	6043.141983269167	1623.4117083327706	2485.274249710509	3002.33197100729	4459.105888434353	8241.62576921486
PWY-5182	2325.764381079652	4074.983181056041	6746.376633748613	9106.423198166402	10764.45337469687	2420.391616873026	4284.091753088462	5200.411187403954	8114.568341481196	14052.50085073155
PWY-5183	1.0	164.828839275035	315.10916608037707	416.46195758131654	1015.0201324826504	1.0	136.71935095467165	284.9233990048209	465.215015295925	1112.6078761800707
PWY-5188	9605.610066237465	14481.524548225076	26737.803823520546	38210.98728543753	42281.2688619844	10780.706547463886	15324.425433226203	20254.701895456456	31278.839798127152	46569.649636820446
PWY-5189	9138.106161722228	13633.664996360036	24697.12028232328	35140.28772061967	38906.97918197682	9955.864076585398	14062.370893068253	18676.712768870217	28936.521547686596	43102.603297592905
PWY-5198	1.0	1.0	5.998330747216652	28.965364001172503	169.6656391093688	1.0	1.0	1.0	15.488569043760254	60.83680554950056
PWY-5265	1.0	97.38466816212431	394.1536074921593	575.9899090086235	1939.4853500687427	1.0	272.3970270391872	348.2250196447633	417.00202268404234	2489.1101155900874
PWY-5266	1.0	1.0	2014.0785237624286	4221.905630489781	6236.011797631516	1.0	1.0	2564.758853665487	3366.386540943792	7773.61893979239
PWY-5273	1.0	1.0	2014.0785237624286	4221.905630489782	6236.011797631516	1.0	1.0	2564.758853665487	3366.386540943792	7773.61893979239
PWY-5304	2275.66	3420.13	4711.84	6508.7	9959.74	2261.34	3544.5925	4721.855	5882.3675	25500.51
PWY-5345	8506.900090313295	12358.136148044865	21427.75616176317	30107.102305157205	33796.66100705009	8723.561800437215	12416.935736820576	16576.69155996255	25545.884676254427	38021.00494423782
PWY-5347	7004.127486262709	11044.59459676374	20602.96824724129	28741.7497318589	32979.66550176703	8094.901878766604	11572.811744215198	15261.544845201768	23911.870355928397	35613.146111206406
PWY-5384	218.20435886914407	907.4361706262133	1581.520049550681	1855.4883305327814	6614.065251153997	394.75978446295534	1027.5222419946658	1367.0321780549143	1740.6867327596592	2316.7945450448087
PWY-5392	2132.884621424416	3684.9710861245912	7323.07584187292	11132.361604820895	14605.668729975716	2676.137238228743	3935.3310300420335	6227.115829362415	8399.576153443753	11071.757410842674
PWY-5415	1673.0865638885239	2531.37776775314	4375.494201509638	5561.600641376218	7388.847316498046	1611.7950269532469	2736.0004343367655	3389.443647910496	4784.453525791986	9055.41877896846
PWY-5417	470.78394365170755	799.8843833822145	1526.4129424319858	1929.617333004456	3404.748529333117	537.6752598776003	976.3589072484704	1280.3835602392153	1799.6441736400175	2893.926488356007
PWY-5419	719.4228754792642	1203.4492498160141	2318.8498700397104	2743.2691393580226	4052.6794394287076	646.1195326430197	1273.2048093363214	1783.9431636911365	2542.8461137152335	7447.505608181845
PWY-5420	1029.6295762620082	1471.6997368477337	2949.2347167189496	3384.556940916712	4841.499596484008	859.9089752180652	1631.0454594169657	2222.807743197862	3240.515051656669	7669.619815718846
PWY-5430	589.0940900330191	743.7189480645833	1582.938559510063	1766.830049373796	2582.0511756958754	530.2248146387134	878.4411939010331	1167.2812914525657	1800.7812542797228	4400.158507335382
PWY-5431	470.78394365170755	799.8843833822145	1526.4129424319858	1929.617333004456	3404.748529333117	537.6752598776003	976.3589072484704	1280.3835602392153	1799.6441736400175	2893.926488356007
PWY-5484	9085.009384369188	12642.257551632289	23638.611317411498	32088.06343529635	38514.20994104352	9596.388212707336	13845.059277533906	17857.932773025124	27129.615749421595	42557.18450085857
PWY-5499	1.0	5.745048801288733	27.134557226036325	34.114342754895794	45.35411764705882	1.0	6.293376865671641	16.797643842749288	25.892265979137466	79.91406249999999
PWY-5505	3826.8645938530476	4756.804749825609	9207.71809296529	12309.426807319032	14224.24730052478	3357.777211153998	5313.62811766312	6945.873527923743	10575.611814621858	17238.734328549377
PWY-5507	1.0	181.92193891358485	321.99858738293455	584.6261629392538	995.4657982605501	1.0	193.8202654533531	434.9145956846467	932.2962853882435	1997.3449030544348
PWY-5509	2021.0924187059425	3419.5274827394405	6463.29217437851	7916.619430185124	10148.648069772202	2286.5902120535006	4153.880966852871	4881.615005057146	6602.896435126889	18165.897321703258
PWY-5529	1.0	2.591926826072865	58.90570464907161	158.44896941658627	485.1882789582142	1.0	1.0	57.42588432460053	90.8943341640363	239.40586241637644
PWY-5531	54.632484080791315	182.30895980762733	294.53947615735274	363.1289718974053	671.4094690851164	1.0	135.74518222370273	209.69799487876685	313.85385113130127	440.2074621827069
PWY-5647	264.5688262713527	451.7340846973764	1027.906157828929	1224.4983386799856	1980.9597595274038	246.48283321021148	471.74377980216696	777.177015382231	1035.2970761556892	2375.2086351454045
PWY-5651	331.3259878233522	688.7622850813677	1651.4041195981854	2019.1165244994272	3389.2205042974547	359.2103642548343	737.7837287201957	1215.0649441621415	1596.104028143261	3082.4433260143505
PWY-5654	412.8299550994788	625.8826025973499	1305.1511189919345	1517.7566009461475	2160.194374242999	352.91459490691557	669.3960743850224	970.3317433153729	1442.5376502503814	3925.540743275237
PWY-5655	398.79874824375895	718.0137530163786	1629.3847516374012	1941.0444737393984	2989.7430974957992	399.04696044475446	747.604080198043	1209.8578884066355	1652.83073287672	3406.354952569696
PWY-5656	9.721989563066005	61.754646528218785	142.1047880648615	231.5990912200034	341.0321702420896	35.03410197057052	63.04259420165769	101.28018734693715	160.55858073779126	297.43307459185684
PWY-5659	10415.53427483368	15159.935819644777	29004.020198266968	41941.38497145859	46835.9451796287	11709.244154888476	16278.448289675165	22023.338950115525	33916.34971772345	50179.53139333628
PWY-5667	11330.745634316983	16670.796238924326	31246.321023851517	44459.25833718013	50218.373361293634	12500.667845553666	17837.633340757842	23867.18835246811	36206.727520085966	55914.58365216766
PWY-5676	2438.2290755939084	3372.053547197333	5233.386475124216	6894.0162152955945	10351.235611430586	2311.6207336453745	3493.598973330643	3994.258012127045	6683.803130066925	13515.09354990109
PWY-5677	1.0	50.016381987577915	95.38308112936244	154.40390745228206	237.26444230203424	1.0	46.7247766652338	83.50322267963296	113.23503061569254	273.5878884103101
PWY-5686	10443.901942853803	15360.925965137318	28449.64434981637	40501.482425358816	45178.261376812516	11472.36025547436	16171.402016673	21536.634936063645	32994.55199038325	49571.93073650448
PWY-5695	9696.674612401495	14910.632100062132	28684.534075682808	40322.023761929304	45938.92883104805	11181.074268817261	16123.133253270762	21254.784645414555	34419.529851743544	48571.001075139575
PWY-5705	795.8698204444571	1878.4224847146327	3730.351311767675	4798.20136944134	5828.113922332507	1198.535588466271	2326.254597473787	2764.4720929232612	4166.018349846844	5669.114539055434
PWY-5741	1656.039211567389	2240.2014337519577	4269.150908570795	5924.978530373352	8149.654599220549	1447.8758519138037	2086.2546589858243	3216.9320522369294	5035.760872125042	6455.712965400163
PWY-5747	312.2464723925352	786.9002619120173	1720.1337116393083	2250.3512527036787	4330.144355360296	548.2348457647425	975.4587438052928	1322.9489221258796	1926.5179674284232	3022.9344054098897
PWY-5837	3176.9268960915815	4766.133252839089	8529.40776757873	12078.530282903615	15357.515980309961	4003.2661821751467	5944.535371437558	7237.768383459079	10287.983597404713	19080.202227412774
PWY-5838	4748.2872337828785	6748.879291281164	12579.242404656103	17395.795607003613	21634.88922422091	5500.078711787541	7721.828572648021	10235.473623468857	14868.042962354943	23809.72546580802
PWY-5840	4666.404518062789	6707.623588617288	12441.00181397326	17204.45804569627	21538.008201892026	5476.562974450861	7978.7372169846985	10151.568797074153	14746.96532096677	24890.361630977477
PWY-5845	702.9384187232041	2465.545687859594	5768.029850307307	7525.539912804338	9216.046711306684	1865.6298798146431	2885.364252884111	4464.630951445359	6054.602185378202	7762.105662261857
PWY-5850	702.9384187232041	2465.545687859594	5768.029850307307	7525.539912804338	9216.046711306684	1865.6298798146431	2885.364252884111	4464.630951445359	6054.602185378202	7762.105662261857
PWY-5855	4000.7225965009184	6768.676354945725	10882.454514708803	15045.079380097399	22585.589730169486	4006.1571505939964	6386.192380217484	8568.46945579978	13735.369137650458	20326.39783855688
PWY-5856	4000.7225965009184	6768.676354945725	10882.454514708803	15045.079380097399	22585.589730169486	4006.1571505939964	6386.192380217484	8568.46945579978	13735.369137650458	20326.39783855688
PWY-5857	4000.7225965009184	6768.676354945725	10882.454514708803	15045.079380097399	22585.589730169486	4006.1571505939964	6386.192380217484	8568.46945579978	13735.369137650458	20326.39783855688
PWY-5860	477.49670100857406	1751.3739203254781	4048.0557109822757	5412.8022236335255	6741.1363834954145	1304.0107598217442	2082.366634713722	3238.644147053138	4398.119588059837	5668.39142019438
PWY-5861	3673.6366168472396	5374.98035174667	10041.116801468483	13871.898494106901	17572.85977148902	4451.6087160278275	6452.29022472915	8275.65303125138	11881.547631544154	20149.358649994283
PWY-5862	477.49670100857406	1751.3739203254781	4048.0557109822757	5412.8022236335255	6741.1363834954145	1304.0107598217442	2082.366634713722	3238.644147053138	4398.119588059837	5668.39142019438
PWY-5863	3456.165568161942	5141.5949254661755	9232.737846603986	13048.946014438674	16555.682759548607	4293.920956091826	6353.3249110833385	7752.477974124466	11122.547115453077	20360.88539520615
PWY-5896	702.9384187232041	2465.545687859594	5768.029850307307	7525.539912804338	9216.046711306684	1865.6298798146431	2885.364252884111	4464.630951445359	6054.602185378202	7762.105662261857
PWY-5897	4593.5351921425145	6576.188235291125	12248.407575970774	16953.518345846533	21247.896587886113	5397.953002330828	7789.2164782731215	10012.625275076365	14524.327323223408	24194.63145873161
PWY-5898	4593.5351921425145	6576.188235291125	12248.407575970774	16953.518345846533	21247.896587886113	5397.953002330828	7789.2164782731215	10012.625275076365	14524.327323223408	24194.63145873161
PWY-5899	4593.5351921425145	6576.188235291125	12248.407575970774	16953.518345846533	21247.896587886113	5397.953002330828	7789.2164782731215	10012.625275076365	14524.327323223408	24194.63145873161
PWY-5910	385.5558668595882	682.6586950886589	1469.166294267706	2105.211166493054	3308.7996879393636	564.8273139441009	1011.6896291445449	1269.5604949158744	1897.6652380166415	4875.764983471136
PWY-5913	7033.5617468195505	10884.713628408324	17262.970024597023	23489.86076634973	27446.763353361726	6671.244974840953	9910.00831078289	13546.490544316026	20865.068071847872	30801.707803472338
PWY-5918	6663.931963997408	10021.082623870872	18636.284218316196	27168.122018604434	30850.702208498526	7772.565333920613	10924.38076275158	14202.899300540943	22013.803397738906	33249.62416402453
PWY-5920	4254.671423515494	7266.248747657492	12974.309452083999	17955.12266669749	21941.56281661725	5000.379387141868	7494.561536065437	10099.720247076075	15557.003950506001	23182.195437342376
PWY-5941	967.1354746520211	1752.5173197084443	2844.7394925581057	4084.5899519060713	5305.843520349318	770.3920576651398	1740.0406687930654	2332.5123745341275	3493.092148476153	5901.396062758096
PWY-5971	2867.261534288173	7069.0086697655	13606.688749870862	16072.794696480665	22827.41250096688	4815.752198248201	7230.001067723462	9736.150926060185	14993.772724708866	21073.20176717306
PWY-5973	12417.214910614155	18350.918775739905	30826.234827258282	44044.808528079586	54004.641460790575	12720.539714411358	17677.16248325385	23552.876707515476	36942.83032650732	58262.62877266369
PWY-5989	4740.907470479384	8901.74265717665	17356.218458159943	21217.214339218597	29998.19381213449	5348.238865458066	9632.29439316805	12680.072966059339	18879.69826507313	27767.19412537209
PWY-6071	505.257471435503	1332.3010506782307	2644.7353499003984	3339.697602733744	4481.53862857664	964.2887042877392	1477.2073735875929	1921.9804214598512	3159.0085199907953	4231.34994585945
PWY-6107	305.6742875039148	505.08642526076153	1031.874575439936	1175.2682093507162	1528.010852423886	313.0993548241175	552.2971358056546	742.9361076883933	1184.7122908893853	2792.8353547159745
PWY-6121	10055.273781656737	14982.971532025036	27567.9021118152	39258.08601172257	43859.44558950025	11095.966503545196	15746.270343457989	20919.62968841217	32181.79892248236	48474.36127847373
PWY-6122	10120.387019512791	15129.084576822013	27988.39015883694	39916.66887308877	44769.25249243654	11264.08882771608	15930.19307186298	21160.710356390126	32659.5906849511	48893.92352753832
PWY-6123	8866.233911607553	13139.281844578265	24343.647679777183	34729.42189573878	38738.2082100992	9805.903765783854	13951.009135027865	18493.460582598887	28354.54561339385	42662.61736192173
PWY-6125	10028.191662840562	14790.562703944695	27575.928304000317	38846.5622584533	43253.2352226525	11018.05609445928	15540.5241512614	20857.209876703822	32166.736537723344	47511.148392708164
PWY-6126	10666.560288923612	15563.10010888879	28834.615759549753	40897.27068666084	45315.36962245303	11618.906705349782	16413.72310594566	21919.394795369844	33409.30464645483	49817.319906652294
PWY-6147	8195.784316111602	11983.642759770155	21277.912464569697	29812.20259001449	33378.84837577038	8688.495890695642	12172.28395031747	16415.012823489298	25427.72663961629	35341.901270092254
PWY-6151	5038.7333084749935	6564.141048317868	10603.181603422025	13965.998427506702	18760.817515746305	4494.926414440079	7689.80006948929	8815.16633925535	12407.595410471678	31452.10123281271
PWY-6163	9340.560969954293	13734.390280737254	25226.781040635644	35723.18254857893	40061.682169186606	10174.126210701752	14365.621899485508	19076.27393996906	29517.369513058577	44222.24748227465
PWY-6167	1.0	1.0	9.33109062883392	49.51023838099714	203.13302559678368	1.0	1.0	1.0	25.149082880316357	95.56615642460451
PWY-6174	1.0	17.02853716337863	46.14578887062097	98.43977672567416	210.89509397398893	1.0	22.770224824677854	57.63608911124535	83.98216078189063	169.39936335876106
PWY-6182	526.9457633541415	883.4014141773737	1697.9244917259375	2135.250008283454	3725.3212608224903	595.0631122246797	1082.2553160434327	1409.4621409351992	1977.6736925997693	3237.4269331217542
PWY-6185	122.33799736724664	709.4513642895972	1371.677392306356	1783.0908746240575	3385.790193287818	452.40355264940655	936.1077733726564	1203.4337408185281	1618.4759793930725	2095.0477843038034
PWY-621	1931.0227127510032	2710.6759560587384	4774.359393142608	6675.708733298233	10135.253612433135	2201.592889908257	3358.2287209507394	4425.106596694095	5544.695805968249	14381.317908281566
PWY-6210	216.7204877359319	407.56173061433697	894.5338989039382	1080.1711254119348	1798.5467209093433	218.42357498921936	404.4834994596912	670.3114047387438	891.6696113946099	1991.276754557161
PWY-6263	3663.4362625607228	5020.760645963997	8376.268023359284	12544.874963067168	15201.279690778998	2999.734106026283	4318.4172228562575	5783.9814546131565	9755.518683678167	16061.899592685599
PWY-6269	1995.7955516787092	3396.6516420354947	6419.181842850157	7843.730334060481	10079.683182014469	2267.6688310731756	4129.423553315331	4856.520290595466	6550.365865919118	18139.999757606256
PWY-6277	10120.387019512791	15129.084576822013	27988.39015883694	39916.66887308877	44769.25249243654	11264.08882771608	15930.19307186298	21160.710356390126	32659.5906849511	48893.92352753832
PWY-6282	4637.245567722911	8576.850128585753	16687.35726764665	20442.85817649853	28986.641003593737	5197.583295150313	9218.611364437726	12148.87435462774	18324.38956173366	26868.488663009288
PWY-6317	6170.818698373465	9372.998046756304	16751.20769776269	23172.790052684144	27503.601230880806	7027.810215722742	9758.01969769803	12520.614570471364	20239.28570835069	29120.172869548813
PWY-6338	12.996294353278534	109.44631188107148	326.6693098450859	463.73455840654947	3392.7039430765185	60.847228683711975	142.83287984842684	253.92221850337864	409.01899447754175	1702.5619155360143
PWY-6339	62.84371849163138	375.0754343594707	654.5057370499734	922.5636797094204	6165.412843187055	158.72366757879638	321.29309152226807	548.1651187304468	831.9861997423207	3445.950294093645
PWY-6349	1.0	1.0	8.132788187062781	40.29556991210072	121.31174918770124	1.0	1.0	1.0	19.8843075866662	57.077472986232586
PWY-6350	1.0	1.0	7.520441152878485	31.083781196598135	101.72440316313484	1.0	1.0	1.0	15.593969739047171	47.70968737562846
PWY-6353	6646.250992426744	9947.41357036666	18229.326423054634	25258.852283032043	29622.115380158884	7214.051898287839	10097.025154122102	13561.371139923189	23262.24798906757	36213.83494629652
PWY-6383	1758.4129665846092	2732.6150734238427	4685.562534495781	6867.425904737585	8561.813888285833	1874.1237003433469	2962.2572621570425	3648.636940229151	6173.021967390047	9865.477887325906
PWY-6385	8969.34451715995	12373.758753118189	23371.271681443148	33219.31150106198	37223.82470964197	9539.493012148583	13329.945936552349	17893.78217003619	27405.963768140697	39496.72625118391
PWY-6386	8951.839731607892	12369.263099700856	23352.716264678358	33163.201461837714	37291.04218521336	9534.773574803647	13366.2208482338	17911.597033068785	27365.874613671313	39353.00030750094
PWY-6387	9124.38061215154	13301.45906538238	25116.545866284243	35918.3042390149	39732.65089740694	10131.294246223366	14315.538126700425	19094.639942878013	29258.73663166006	43299.784694161615
PWY-6396	1079.4070421773667	2120.2792116035075	3320.972399473628	4590.554776758896	5633.930678710995	1268.1413325257429	2382.993209216328	2908.322220907381	3977.370414167487	6717.077653133186
PWY-6397	270.63675291794294	773.5560922260214	1040.2334771812534	1304.4517974130408	1899.7904718525576	263.7688143561588	661.4048749544993	774.3195065251398	1143.634834568627	3779.529545215436
PWY-6404	944.8699914323615	2428.0894456860915	3313.4615445486515	4283.29307218405	6099.346642366046	921.846771547523	2201.4394070489407	2496.8501290554514	3604.692101827258	11040.060623077115
PWY-6467	4051.01	6738.2925	11398.215	16074.107500000002	25071.64	3208.8799999999997	6599.112500000001	8507.96	13038.64	22907.76
PWY-6470	679.4709965354028	976.6591353410287	1572.99166270661	2225.579310976194	3259.2977645322203	687.7606068940955	1103.1788660685738	1540.2579655337113	2105.055952751867	10110.907068479035
PWY-6471	930.4313234103048	1674.924315479404	2779.843446971362	4383.37480085313	5974.3912220754655	1228.3541674290796	2425.4280820463614	2988.3900245658556	3914.7798256811257	16517.714712557517
PWY-6478	2948.548604194655	5151.968812827735	9812.065226052924	13873.808086602105	16983.402216499697	3359.581713948534	5396.741497017621	7369.174214568183	10382.76205966887	19598.90321683609
PWY-6505	398.79874824375895	718.0137530163786	1629.3847516374012	1941.0444737393984	2989.7430974957992	399.04696044475446	745.7426650531767	1209.8578884066355	1652.83073287672	3406.3549525696953
PWY-6507	789.22418230519	1310.6950428820205	2735.871632994352	3417.370419005701	5141.877139431707	926.5087030027208	1668.9891048453073	2137.5995952799735	2843.7580359399	10932.79835746594
PWY-6519	1791.5898511043142	4697.427220053832	9392.049849715451	11099.380376336763	18230.99316973184	3260.6585234918975	5199.3664569679095	7109.966748233681	9863.220011035888	14104.401636657933
PWY-6545	4404.583496504518	7774.589921104616	13667.122711570626	19006.25422921517	23104.45118430682	4839.390725130951	8311.110528933597	10242.352961167606	16391.65129336901	28186.56102821543
PWY-6562	341.85095944518315	679.001596788437	1091.2906593993491	1531.5396862256887	2411.9347033127465	368.6901474012391	829.4876685936341	1007.4605218188714	1487.4431375771476	5547.630103551056
PWY-6572	1.0	24.644296084846154	42.89745998409586	65.0201188467806	125.15186686914127	10.567135480558013	32.030411370243655	43.03102099937715	66.71307761553429	119.20054532847651
PWY-6588	1664.0110402006876	2556.913406580287	4042.013095587124	5418.046404738347	6903.665426197359	1528.4672027023098	2504.7312749214	3066.1569483757908	4892.063084643442	11567.723122084208
PWY-6590	1189.8242983131263	1985.5118463180972	3205.755276671749	4234.582102067399	6746.145005862157	1375.4442772077675	2394.2226732749705	3092.4136875412223	3939.642714243711	12475.376512569952
PWY-6608	8227.473601656076	11874.321969186007	23012.125473376604	32289.042479484448	37648.318263115805	9173.668625240076	12972.364169179229	16949.35255209274	26676.50531246182	40967.077243708816
PWY-6609	6750.492851768939	9837.814162760043	19406.678389590546	26540.688830873984	32356.04494118331	7970.609805262211	11348.574902734237	14779.420184575443	22252.118490691537	35388.0192073171
PWY-6612	6448.059422301009	9218.64655201674	16680.31339481409	22595.838568271	26491.07122212147	6730.903809611234	9685.422029348527	12589.466087256238	19468.12939167441	28133.462087739837
PWY-6628	1738.1632088100916	5192.660465304289	11151.262674677673	13283.716710455872	17758.87014553052	2973.8323528387855	6166.895249437646	8336.569917166044	11136.169001169821	15950.688621750272
PWY-6630	1737.5542699157288	5178.586457424274	11121.969255864067	13255.934007990418	17727.515032943335	2970.206854427332	6155.468540470236	8318.391767509534	11115.47859513444	15902.747916420134
PWY-6641	124.01625000417168	473.505612913	770.6241883390578	1120.1532828389015	1378.556109171353	309.2940859864838	446.2870507015414	637.4535568753001	967.9779070278644	1819.8411614504703
PWY-6654	1.0	1.0	5.999446939358451	28.987019022166056	122.68203615802176	1.0	1.0	1.0	15.495631251794642	56.91790404033498
PWY-6690	481.93942523993144	1048.1260581762592	1325.639252687709	1637.088049164878	2235.097731818833	393.0303402244369	881.5183140371022	1201.6607248092541	1466.3922286156462	4532.2833024354495
PWY-6700	6096.526477236008	9377.023041124936	15950.553136460769	22665.87899944039	29172.8582770774	6533.911486633571	9531.876325467321	12402.712049634149	19336.852042603037	29542.852066467138
PWY-6703	6026.454285856194	8734.272850370047	15813.501034245459	22527.392170872663	27497.31316407182	6617.325344375878	8723.055576616895	11841.141362767545	18233.33344020201	28331.914371166873
PWY-6708	4000.7225965009184	6768.676354945725	10882.454514708803	15045.079380097399	22585.589730169486	4006.1571505939964	6386.192380217484	8568.46945579978	13735.369137650458	20326.39783855688
PWY-6728	366.33142009382834	1203.680709061001	2217.8886570835557	3108.5695198726435	4051.2325161925137	388.2399674127133	1308.0610035145157	1821.0924325822552	2688.5527369775373	3341.9618139892154
PWY-6731	1.0	104.19385578895562	151.64494155122804	261.0934762917519	422.52244448074447	21.43530333778195	107.85691313853485	142.59492067231133	197.7094738444532	392.1947001639114
PWY-6737	5600.337737742898	8275.412425677716	14740.370313447747	19955.42638885798	22463.295459421377	5738.836655508241	7722.372598345901	10699.727093229878	17198.881381211027	25165.800275445905
PWY-6749	381.49365583039065	1616.3602648145472	3564.0613122769983	5721.3910701252225	7057.456574309403	894.6661758407786	1692.3747249960315	2569.330466148045	3801.6471460465423	7740.535123937709
PWY-6876	1622.4820106130144	1865.2478702953613	3740.4732051447018	5399.569747621483	5965.592254585237	1198.6213904428207	2163.620947748054	2582.387367170394	4678.4865756177915	6599.225169030925
PWY-6891	1144.8651251573413	1964.6267290270673	3236.9761849169627	4313.366334215243	7584.268060364382	1124.6210184826841	2700.8920801045515	3272.936142848576	4198.074741013306	14689.40571392292
PWY-6892	236.90759559651778	561.6912812470241	910.4696058306512	1923.2188508694642	3634.287243401454	205.89192762177154	584.5010222905413	838.265076868155	1549.1329143670007	2952.7798325985777
PWY-6895	3947.055293249199	6072.108700445759	9512.050046727758	14032.119109289051	20154.13526019931	4302.4236266617645	7295.4651281654515	8890.691155004075	11877.970702095947	24013.661482638654
PWY-6897	8791.069244365006	12803.674470520986	23229.6338208432	33661.698113676364	38992.04706259643	9309.346518100823	12870.654280963512	17475.579040560457	27152.1075754672	41508.311602331
PWY-6901	5004.358693115122	6788.793361132182	12646.039954544785	16488.281154641594	20276.407868838858	4856.257332205724	7881.527767988975	9937.555365831871	14359.537353815587	21815.44552762137
PWY-6915	1.0	1.0	4.051791093966812	8.214353421370916	15.268032800479313	1.0	1.0	1.0	8.88571429463559	22.476945314849488
PWY-6919	1.0	3.1611689047190152	8.595423695947257	20.59785290382107	47.02564139212463	1.0	2.6590752351097175	5.90821659354645	20.950897602869947	54.93013393794348
PWY-6944	1.0	423.6399636966677	608.1205395803315	708.853693468344	1162.0378292260054	1.0	204.8049895600539	455.24640043457134	616.499404491211	1447.686893173942
PWY-6948	347.4675368108836	1007.3471238494036	1228.4456225358028	1557.1693300624672	2234.2712582265126	298.91139717692914	761.1982544834561	951.478816292828	1398.0800919625913	5083.849212017522
PWY-6957	1.0	236.75700552251266	421.04892352071903	569.0114744394851	1109.6295771436166	1.0	207.1177446716277	389.31800232563535	621.8493635175607	778.788398899314
PWY-6969	11979.830640638937	17788.45387076415	32310.672851121064	45892.89868364142	51211.21869145928	13065.42402933991	18348.069992412962	24512.17200842888	38066.10541797761	56507.789148927244
PWY-6992	9.733885719273832	349.31936392336155	830.8867365244217	1191.7721343376627	1614.3933248435862	197.3283102330622	429.19250236645297	701.0718202619948	915.3657047779726	1301.425827604928
PWY-7003	1.0	159.71511435447331	231.17056658763823	415.7225557469632	841.221190182897	23.872678976481716	157.48081226401746	277.38937672163	614.1492396433023	1860.1908623931135
PWY-7007	1349.334046959955	3207.7841015594586	5854.085806923101	8399.189897846893	10674.543007085698	2176.151076670582	3856.372114293902	4604.036125291175	7149.38641754108	11242.465799356816
PWY-7013	1.0	73.96734764732885	156.64961818069128	217.55582366987034	477.5847960402732	1.0	21.493909763373807	84.92119236973237	198.26047583875572	481.91999811821097
PWY-7046	6.982136449028489	156.09510940311935	354.70308653988707	504.1405118173832	766.0475334207134	74.26132167799705	213.8214179339057	283.26780918363545	397.1233117544696	760.2020010168823
PWY-7084	1.0	1.0	19.043685794696593	49.73090410949837	130.5851205707809	1.0	1.0	15.778028688843659	50.44271679727645	214.6546651700442
PWY-7090	47.456727989673425	186.27542667028706	425.86821531249586	610.1999035703748	1145.3591614883455	72.6914660651988	202.55555866740474	333.27351873753014	550.6978525784292	892.471313728615
PWY-7094	13118.073880395987	19534.868840943916	37399.21031339544	52942.15413900401	59153.01497575882	14774.55165790371	20539.57055823445	28961.464149927877	43867.24735095857	63918.84796461547
PWY-7097	12.996294353278538	109.44631188107147	326.6693098450859	463.7345584065494	3392.703943076518	60.84722868371199	142.83287984842684	253.92221850337864	409.0189944775418	1702.5619155360143
PWY-7098	14.490068761890939	122.00076524395742	363.55813905486133	515.2614078215447	3636.7816661895185	68.00874015418593	160.0312726691151	282.97666020060535	455.03163102662984	1836.8142921504361
PWY-7111	18397.747041506595	28782.242302715134	49175.249493801566	70439.75228305516	81264.03976351289	20173.92785069152	29476.570116650975	38361.126773061726	60221.13179583564	90008.86740619397
PWY-7159	54.632484080791315	182.30895980762733	294.53947615735274	363.1289718974053	671.4094690851164	1.0	135.74518222370273	209.69799487876685	313.85385113130127	440.2074621827069
PWY-7184	7616.551096842912	10986.383271490386	19825.580933816374	27311.03358023931	31259.14790599365	8102.6880557051645	11244.397973613048	15115.770142136294	23373.01919603972	33127.86009331889
PWY-7187	2937.240816505109	4724.953155095938	8539.80726898762	10627.151246323761	14580.862240642296	3479.9990030258	5320.967383475312	6656.312523090893	9619.438884592713	19298.13597395413
PWY-7196	5848.298868386916	9336.37810149176	17165.386516306935	23694.32978352627	29333.69078421923	7054.423158744303	10327.646888615776	12757.505928695975	19768.077483247835	33016.842284544415
PWY-7197	8833.667935994446	12824.126136194314	23718.96555227684	33794.40108416387	37431.3374760263	9565.804033065167	13373.300240741846	18042.595493665387	27638.327259302623	40739.09408453476
PWY-7198	1.0	48.11662602511919	70.7738751264758	123.12897733952016	213.34405067025918	39.40593231142147	77.79332832548775	105.26839650864481	153.51821898759576	486.6484855397457
PWY-7199	3989.7288683856677	6016.066168296287	11761.612766147355	15869.791988091774	19899.943004207948	4671.16844793671	7020.550321849023	8590.054619355968	13698.577913905752	22852.760626883515
PWY-7200	5454.915285361024	7922.201689037698	15699.321119221619	21865.20363194999	25842.615065237173	6254.23990734786	8920.94760748111	11621.105636653949	18295.200114566927	26923.917648016315
PWY-7208	10908.197291681105	15813.181231653976	29263.397530963906	41848.97923320874	46241.73816621471	11867.27586857581	16716.90419499114	22149.663641361083	34224.848494849146	51085.21785490933
PWY-7209	1.0	1.0	1.0	17.86052808215402	53.29014696909981	1.0	1.0	1.0	19.105984311455934	48.36191977865384
PWY-7210	1.0	68.26801425143347	100.61805489615719	175.37218636521908	304.0384503175291	55.843087153559594	110.64864868588359	149.7484604276777	218.62490824876087	688.6692892470139
PWY-7211	8206.871213084098	12259.432780725507	21808.533999203184	30604.579847975845	33699.75247534631	8689.393005453832	12113.100454688287	16476.730827363543	25844.61144949386	37251.70183805897
PWY-7219	10881.589980524248	15889.552226548707	29284.304037396105	41742.60080128013	46177.92114328506	11844.445390938792	16532.533188094938	22301.051430194646	33890.316545995156	50786.47940776685
PWY-722	1.0	68.69222490464601	173.36299437230969	210.73428723457187	2952.075879537781	39.28695284566528	103.40029084462516	150.66429426919356	218.50989905489874	1443.9837790121849
PWY-7220	10488.455291399268	15250.301528322883	28492.66270534013	40229.13254687577	44639.628259534984	11468.498046368706	16190.035774204373	21681.200344667588	32934.34602474348	49033.332755126095
PWY-7221	9770.344281493912	14486.76371148603	26984.652451261823	38059.2411344945	42461.76692164516	10747.06516106241	15211.126589042386	20342.322008545034	31773.924580181498	46898.693821404675
PWY-7222	10488.455291399268	15250.301528322883	28492.66270534013	40229.13254687577	44639.628259534984	11468.498046368706	16190.035774204373	21681.200344667588	32934.34602474348	49033.332755126095
PWY-7228	10285.562835781318	15201.642092207112	28375.156277397415	39917.84321918005	44483.70225332031	11315.906354994964	15999.898761007475	21431.387779646764	33135.65031609118	49001.745249997744
PWY-7229	11078.980303461289	16166.212671660393	29944.32947557277	42470.90874275673	47052.83775549566	12063.394562421352	17049.358472407348	22753.082987090424	34686.06123656658	51892.27463234504
PWY-7234	7393.100851596421	11344.210682946929	19523.770499782804	27526.43219985362	30593.926781000097	7889.331230480631	11287.65417050105	14962.958584805216	23245.776639758595	34453.05549484508
PWY-7237	1700.5800000000002	3001.92	5644.110000000001	8192.025000000001	10923.21	2392.03	3701.5775	4339.485	6875.179999999999	10835.94
PWY-7242	3008.1217367569698	4979.943091169103	8817.988962712083	11417.670076240393	16194.746464427326	3824.1143761452895	5380.618799532153	6460.196408965576	10166.809259087295	23753.020364670956
PWY-7254	3964.770406999884	5734.147177233543	9798.36498685092	12158.958160696291	17350.351936087583	4297.422659924556	6520.709413348741	8061.315067846994	11241.977723617005	26144.431459933978
PWY-7255	1797.6917049069336	2927.029970075555	5271.74630323635	7081.224772578466	8666.118448877685	2063.6920945322136	3209.2957556778497	3962.9625691185147	6572.584668619865	9511.064790774202
PWY-7295	32.90432322354423	125.26614724611804	243.96809468416382	400.14239877963894	2050.9918299227224	1.0	115.25187736837228	196.54678035085655	294.21544774716784	576.3704896323896
PWY-7315	18.228330159727513	188.67145828760846	406.88394684949026	577.8608744661616	1072.0405797192068	120.60545516815716	225.52153724077354	333.8912964312998	544.4373061369079	760.575459663953
PWY-7323	7649.563699351279	12052.693263977726	21772.98936596817	30833.47474423498	35512.25151644403	8699.833560210132	12239.527995297281	16526.403913065973	25471.950283135735	38557.66350110635
PWY-7328	2085.65412377978	5131.699254357774	10273.070877512542	13542.276773045229	15467.798062337764	3640.322714600915	5243.857674128018	7389.436570718059	11219.035980921963	18110.52563228138
PWY-7332	3613.4786427172057	5862.249314337211	11680.280705242014	17242.275176776806	21059.100200628367	4691.89744164195	6348.826957612378	9525.094773403618	12661.805418726883	17194.474429644073
PWY-7347	8.488948131511794	40.17035544146699	138.35009705906634	215.02062144919535	424.9693341355509	1.0	39.26159270024013	85.73864461089532	176.40837385512975	470.124352812071
PWY-7371	1637.2508674961582	2357.0885196074587	3844.4503361337	5926.269078010255	7920.0338079388475	1241.5676741647583	1887.3441665565256	2604.8899942967155	4570.408537924091	7732.986073851125
PWY-7373	401.23138538505145	949.3038810465234	1537.3151567136333	2155.215042751401	3521.8183918949353	481.3404571155959	1183.3055872722375	1383.1097337170831	1852.2584217035603	4533.818037139349
PWY-7374	864.5661692730753	1415.8486124839199	2611.7321769489654	3780.638663240704	4637.549118388749	1033.388769088569	1347.1104820133423	1868.0485968613261	3400.3882722445037	5023.246398200717
PWY-7376	2506.771614422992	3710.315897392294	6625.9440204987	9302.173165780783	10454.606142368728	2647.339850780395	4143.67621129053	5052.272720955141	8239.244226176104	12156.496574895164
PWY-7377	1.0	114.03105405388742	223.2045698883475	394.86461146877093	874.19690633645	1.0	123.81035443604688	288.92696008218286	664.4832466922094	1294.69010103674
PWY-7385	1.0	1.0	4.817103488872856	16.622635813551053	46.8012890718906	1.0	1.0	10.123356862311406	21.38136405933732	88.01538925892939
PWY-7391	1.0	30.45584836227852	62.45793949801531	133.36813456127328	272.0758714113408	1.0	35.688832172719394	93.36617167542443	155.5445919250646	238.8398110258599
PWY-7392	5754.305833349144	8161.698121391426	15326.698936634293	20234.880252874562	24751.916528141435	5999.003736300684	9181.12626570704	11133.169145436834	17718.432814720672	30200.79829116444
PWY-7398	1.0	4.967804610606512	33.6696127070756	113.01524403056735	236.50330892128667	1.0	15.327411263431976	40.63970874236175	60.02314166244652	158.55507116550237
PWY-7400	9148.858730357884	13148.741834513407	24503.9856347849	35222.501139619395	38830.86578047646	9943.929303738385	13899.03904320952	18483.41844182957	28587.035038913942	42677.72081876028
PWY-7401	1.0	1.0	1.0	1.0	52.13274804711638	1.0	1.0	1.0	1.0	24.186359045607357
PWY-7402	1.0	1.0	1.0	1.0	25.97104693568887	1.0	1.0	1.0	1.0	13.289637425786236
PWY-7431	5433.7740837203655	8602.339150225554	15276.201040131964	21960.593536753575	26388.603566796202	6266.078638994776	8939.983029197405	11721.860652883795	18055.87601432377	28113.7759311416
PWY-7456	1.0	1.0	95.3723176569752	180.88805134551845	364.16409019383786	1.0	48.28835669011056	123.09529701136935	168.82071886873246	492.77750425581786
PWY-7527	765.8696962411705	1046.3192093882758	1979.807984996657	2673.052710472743	4357.3001814095815	786.0831957723528	1580.384320696169	1971.0686926289086	2706.9477019034193	7460.593876518713
PWY-7539	8370.37027936942	12276.15838930052	21876.30820354495	30482.77586728626	34163.52825375292	8864.455150009857	12514.26855785144	16880.826317036328	26181.439414147557	36392.71653227578
PWY-7560	8672.862113259996	12456.408403296211	22264.692494362367	31782.514210495334	35246.16826501592	9045.09900759386	12865.866395768906	16903.459364372313	26302.349362736364	39138.26225069628
PWY-7616	563.2877068071816	1227.4814985245464	2345.648279220247	3794.0960275354946	4965.2380225030565	1074.803183660948	1521.5740367489707	1896.5951272580285	3047.6469977648735	4283.472706148015
PWY-7644	1.0	1.0	1.0	5.201621793512826	12.599892568008288	1.0	1.0	1.0	4.511412314126007	11.109314987549066
PWY-7663	12004.551735399347	18347.582408776874	30191.080679033777	42727.195049582064	53507.75353378407	12327.637193739967	17252.159702487093	22857.130785126836	36096.85438405789	56122.925811911344
PWY-7664	5098.229394490565	9068.201827067587	17707.81815369182	21873.76064869239	30702.561781268832	5674.290480292531	9753.79424239785	12859.12600813197	19817.685881864905	28619.688942985405
PWY-841	10084.662404736175	14894.075800719209	27630.351024325417	39144.539977312	43446.48883919383	11085.30421594515	15757.21958321445	20931.600591188486	32132.973957295515	48027.88355835651
PWY-922	273.00739335239905	485.23285475506975	1050.8039306825685	1511.3746239258999	2374.851348182674	399.82112366189307	722.6908596693156	912.8966834516041	1359.3650652136823	3531.243790244808
PWY0-1061	1403.4855041667354	4294.019898914531	8304.494355349065	10027.938688948772	11940.089529925132	2656.023828085469	4505.391093422989	5651.280724326885	7830.967927343721	15117.245432349253
PWY0-1241	3222.967412995491	5118.314905190497	8854.961354630803	12426.926119596945	17608.83700039637	2739.463987542867	4778.187470379979	6327.653364547505	10111.293705298176	17993.77511172521
PWY0-1261	7284.582241300263	10977.1248527036	19546.9004660556	26603.66985663303	31920.02528509411	7891.244446207712	11639.208109467174	14424.218461894568	22457.113927287966	39728.16890866073
PWY0-1277	1009.4732839129082	1859.7486117641502	2494.310638570041	3395.3192997532046	4386.824507865343	975.2302919996425	1789.628432901734	2110.2534147492265	3007.3396212728526	7158.955918020583
PWY0-1296	4360.408856863937	6692.258436224149	12669.317573212984	17484.445187751928	21813.264689461266	5342.05149210791	8022.349108816712	9735.499724021392	14629.568254021417	26192.005364721263
PWY0-1297	3980.5087094112673	6001.792504330861	11111.601592621522	15385.969685999717	18895.556428057815	4563.247687571202	6851.365478064834	8083.386958149669	13276.553225697638	23581.659933735333
PWY0-1298	3528.9446275382525	4964.581021905419	8907.625710438126	12509.750450661139	16320.897834218038	3872.9338795546614	5715.541901251752	6549.353986918935	10225.067931280466	19124.426487234134
PWY0-1319	11330.745634316983	16670.796238924322	31246.321023851517	44459.25833718013	50218.373361293634	12500.667845553666	17837.633340757842	23867.18835246811	36206.727520085966	55914.58365216766
PWY0-1338	1.0	1.0	8.876320562696613	17.481692734522824	75.89977728285079	1.0	1.0	1.0	13.734949971175094	28.346990389479007
PWY0-1415	3657.7967616449628	6385.257984536691	11400.618824092053	15572.421641719127	19538.056761042408	4231.806370560145	6569.788313400817	8895.59189883665	13799.221337089719	20381.390695788887
PWY0-1479	1691.432528191064	4522.099065931774	8219.179132799552	9119.38545017466	15667.043783452646	2822.3024712452693	4789.68868845649	6216.427332500479	8727.645669813219	13073.990681359597
PWY0-1533	2848.794223004108	4797.600230129486	7276.988769669115	9576.021375654062	14399.85528694111	2352.2496894530927	4383.381369143001	5569.1132411042145	8734.119385571139	14762.012806455186
PWY0-1586	8769.88021058099	12748.909314057651	23769.035410106684	33407.79746898114	40315.67774299057	10140.016622236111	14116.466831233607	18060.346546013454	28000.435301557598	43804.58314932068
PWY0-162	10449.606930369311	15320.35546279698	28401.747238861724	40390.65733377678	44873.040488740386	11450.682309564967	16103.045053004687	21527.203842692732	32939.75925876206	49185.617944289326
PWY0-166	7242.583118387807	10513.610449500602	19088.64833854772	26573.114644890793	30113.412133404014	7794.408343331176	10666.890501083893	14566.306311048002	22582.517885242793	32125.40912233009
PWY0-321	443.26668526306855	1248.5419788866545	2499.154130314276	3164.0750241228125	4307.600807880208	886.6619314164677	1363.0347502581958	1842.7054468894944	2975.267646693756	5415.903907398396
PWY0-41	18.565616979373928	156.8348605532821	244.599879682817	389.5186138652574	556.944749237716	70.15904177398797	186.1623255449568	247.71119919845142	337.88645172016203	1335.548114448639
PWY0-42	361.5702311748917	854.4109091083145	1921.6963311919508	2424.036418914723	3502.1387507836603	600.0906917135476	1070.4919922165575	1394.74561436253	2109.241705302752	3097.082228838948
PWY0-781	7535.543082299564	11478.25645640976	21273.19842055066	29832.045575953227	33297.71231162031	8494.230162526334	12011.470124190673	15979.835108568917	24701.924604374326	36971.23556964267
PWY0-845	1.0	197.7358115106512	330.84727653886887	583.4207170662836	1564.8966294819884	1.0	78.99256374219111	317.1123890899398	424.1871620676409	1327.549003083373
PWY0-862	4513.879101019679	8130.907710954683	15895.248551434444	19501.124176918733	27746.450628470964	5017.054356399275	8731.830833003758	11521.049699029303	17678.502014242382	25594.017464896897
PWY1G-0	1809.2304911627464	2729.1855802777136	5019.528630203958	7672.841970923884	9531.0492947367	2214.4950292978615	3343.7086981039756	4189.734048539087	6618.726380153495	9867.735553999557
PWY490-3	901.4208685782229	1496.4902215656277	2390.050274699035	3332.8716501597282	3758.2210843478906	836.1515413156127	1331.4083186755404	1627.7686555884534	2984.6977413439695	8419.757825244935
PWY4FS-7	11027.643736383352	16176.144473906836	30171.436419652884	42933.85232540574	47534.982943720825	12104.556617099084	17248.10801867932	22856.315075952632	34934.546048456774	53628.74560561209
PWY4FS-8	11027.643736383352	16176.144473906832	30171.436419652884	42933.85232540574	47534.982943720825	12104.556617099084	17248.10801867932	22856.315075952636	34934.546048456774	53628.74560561209
PWY5F9-12	1.0	1.0	1.0	1.0	18.742159587137753	1.0	1.0	1.0	1.0	34.450946744866656
PWYG-321	5329.569134404101	9498.70892472229	18568.34584617662	22906.03761047269	32175.180781595787	5938.490945658882	10229.473285347112	13483.026574974509	20755.338399333275	29963.26072983057
PYRIDNUCSAL-PWY	5559.054584244337	8936.367953521303	16395.474644139256	23213.840226316635	26235.166121896335	6329.647807359022	9191.467387752275	12327.225733806368	19689.19725199782	29202.851615627216
PYRIDNUCSYN-PWY	8014.10780519901	11831.410722271172	21597.74303732543	31085.87705343378	34708.10530772301	8743.322544829007	12195.67327012899	16580.102936895906	25210.30933426288	38171.45504864587
PYRIDOXSYN-PWY	1.0	87.63043718485818	147.2647246129571	257.09876453005234	725.2055208474791	1.0	34.645793254203745	139.26964258030733	186.86339042319324	604.248322065605
REDCITCYC	8776.085606189865	12967.529035454023	24404.730491595452	32109.334684893616	39744.82039740567	9819.66795833133	14254.98079508874	17735.380545084532	29368.90799360977	44492.600109162275
RHAMCAT-PWY	1355.7927669399012	2167.0826091945974	3965.1035036556377	5662.479191087799	7150.347969299071	1509.157014160188	2431.6797804131434	2995.5101883647926	4879.342197591337	11112.308214076334
RIBOSYN2-PWY	9066.99365770745	13344.19526700687	24619.360480083844	34974.028500206325	38910.35900374792	9877.361071700121	13857.39862591263	18681.279199285033	28687.740323681763	42570.50666165532
RUMP-PWY	2180.757310108191	3790.9480783927247	6106.040094044178	8106.016726114536	12926.315223146783	2401.295544972394	4629.07445784115	6128.501475292947	7191.269081014677	23330.017897126447
SALVADEHYPOX-PWY	8393.184668971933	12597.593839586016	24055.22144463061	34052.71044440633	38769.105913505526	9490.317904806074	13210.35046735545	17597.9730456034	28034.500642644532	42001.06661289756
SER-GLYSYN-PWY	11587.196975074829	17233.740318443055	30277.85180174525	42649.959444491775	48068.37214676777	12254.970467150344	17515.34218923692	22998.559355197493	35553.110458844414	53070.65630001917
SO4ASSIM-PWY	9038.6118278202	13452.587786900078	22119.485559582317	30784.749977469495	35403.144177872295	9037.668638915464	12822.472109056525	17809.70342851246	26060.52537416102	37561.054226921326
SUCSYN-PWY	25.836807351162896	129.20944559988064	430.61125220004885	667.5246610199974	1303.7038333539738	1.0	124.67176373451781	258.771252106883	546.8496655526203	1394.497667490754
SULFATE-CYS-PWY	9948.969987961902	14664.523613062822	24121.34359408584	33628.06112372111	37628.96684246097	9865.042469424363	14018.668852012088	18630.55238626722	28426.39777954688	41983.79553120548
TCA	11771.978451485476	17704.18344519577	32051.0658978327	45145.28487522746	50646.50827697751	12902.971775712109	18247.84967162217	24300.090584913458	37719.722852004255	56229.16515670361
TCA-GLYOX-BYPASS	5530.897175060402	8600.487064539704	14886.26468010005	20482.786709775286	23251.067344046794	6000.615233206731	8925.59133384574	11048.788301012873	17478.755224836907	29810.522900748587
TEICHOICACID-PWY	1023.1300436552191	1940.0530026097888	3269.7555948784666	5163.754400419266	7356.601721883836	1764.7301552268225	2387.6368118554565	2963.6351376490275	4766.106082833158	10477.910772667357
THISYN-PWY	1148.133992428048	2458.5360807864618	4013.4698728746944	5649.573633557309	9202.504115737878	961.4557665098187	2393.2655985294805	3363.909702526501	6021.814490318388	10745.28931138184
THRESYN-PWY	9883.96201878905	14236.017238827138	25727.015883841967	36804.40271655234	40907.05263029341	10605.719409852612	14771.306826393558	19650.157746715777	30226.588075791045	43989.69688780728
TRNA-CHARGING-PWY	8429.992174120673	11478.856774112739	21022.669841536743	29525.913929059192	33886.376242253165	8607.142679884335	11838.416441329184	15876.484785635981	23611.130219561463	36378.08939587652
TRPSYN-PWY	9831.198346285457	14367.515601747991	26361.21202115917	37530.480275350164	41961.70285312419	10664.63814856835	15000.878716695192	20036.35746421763	30758.17601391874	45832.99945573581
TYRFUMCAT-PWY	467.04860902472893	1579.409753217686	3473.6366988656137	3988.646961915215	6955.501877354329	861.3770362230409	1914.8680671762595	2613.5298058741937	3461.423049143238	4717.751890015607
UBISYN-PWY	3938.1468167694366	6616.839001516636	10707.3280400277	14813.661626214336	22162.86689370102	3919.6226566041323	6252.87220780035	8430.793753282314	13525.386464013838	19884.9422237484
UDPNAGSYN-PWY	9551.685868152523	13821.895622419834	26120.630649849958	37857.81193938399	41874.90341442501	10600.134730115838	14966.059882618743	20083.125124026126	30519.17052296246	44763.13408052826
VALDEG-PWY	153.0313221786174	227.79813111834963	380.7404708809639	540.0231133167828	834.0692222839073	141.1801268281845	209.63372279705285	282.0822117645639	582.6120092860326	1152.0361707703576
VALSYN-PWY	16216.010996478299	25657.735196411664	45402.99528336557	65210.46629798649	77059.88000613649	18364.180347060657	26807.90834395526	35372.92851243876	55390.89273863769	83025.56334421369
